,ClienteID,Retire Before 65 Years Old,Gender,Desease,Education Level,Marital Status,Monthly Income,Employee/Employer,Dependants,Unemployment Rate,Stock Market,Credit Score,Government Bonds Return
0,1,1,1,1,3,0,18000,0,4,3.44487597,24066.16667,699,7.715833333
1,2,0,1,0,3,0,32000,0,1,5.02379729,42063.16667,639,5.414833333
2,3,0,1,1,4,0,20000,0,2,5.35522049,30100.5,610,7.96275
3,4,0,0,1,4,1,35000,1,1,3.84357001,24066.16667,649,7.715833333
4,5,0,0,1,3,0,27000,0,1,4.94922646,19439.0,638,8.024166667
5,6,1,1,0,4,0,15000,0,4,3.22742853,30804.0,659,8.431666667
6,7,0,1,1,5,1,16000,0,2,5.77682986,27335.5,758,8.079916667
7,8,0,0,0,3,0,26000,1,2,5.1950095,31577.33333,798,7.701083333
8,9,0,1,0,4,1,16000,0,1,4.29406689,44425.83333,624,5.8425
9,10,1,1,0,5,0,22000,0,4,5.59830462,36109.5,678,6.61
10,11,0,0,0,5,1,39000,1,3,4.34354688,27256.0,675,7.8225
11,12,1,1,1,3,1,19000,0,4,5.4584248,32076.33333,684,6.318333333
12,13,0,1,1,3,0,17000,1,1,5.24425019,36600.0,715,7.11
13,14,0,0,0,1,1,20000,0,2,4.72142055,22755.0,712,7.940833333
14,15,1,1,0,3,1,29000,1,4,5.0356035,19439.0,756,8.024166667
15,16,0,0,0,3,1,32000,0,1,4.53300508,44425.83333,635,5.8425
16,17,1,1,0,4,0,18000,0,4,4.28381716,42857.16667,647,5.604166667
17,18,0,1,1,3,1,27000,1,1,5.34449117,22755.0,770,7.940833333
18,19,1,0,0,5,1,15000,0,4,4.32400469,14487.16667,737,8.983333333
19,20,1,0,1,3,0,31000,0,4,4.6,44100.16667,639,6.0575
20,21,0,0,0,3,1,34000,1,2,4.82778981,41229.83333,777,5.91
21,22,1,1,1,4,1,19000,0,4,4.88226702,41912.16667,745,5.567416667
22,23,0,0,1,4,1,24000,0,2,4.87568406,44426.0,761,5.095083333
23,24,0,1,0,3,0,26000,1,1,5.32080167,37332.5,706,7.508333333
24,25,1,0,1,4,1,15000,0,4,4.83260494,41912.16667,673,5.567416667
25,26,1,1,0,4,1,36000,1,4,5.32080167,37332.5,668,7.508333333
26,27,1,1,1,5,1,20000,0,3,3.41905047,12789.0,612,9.910833333
27,28,1,0,1,4,0,24000,0,4,5.1950095,31577.33333,645,7.701083333
28,29,0,1,1,5,1,38000,1,3,5.59830462,36109.5,630,6.61
29,30,1,1,0,5,1,38000,1,4,5.19011599,32304.66667,738,7.193916667
30,31,0,0,0,3,0,24000,0,3,6.74115103,27335.5,677,8.079916667
31,32,1,1,0,3,0,20000,0,3,3.14890585,30115.33333,799,7.608333333
32,33,0,0,0,5,1,22000,0,1,5.30387327,40216.83333,672,5.3995
33,34,1,1,1,3,1,24000,0,4,5.59830462,36109.5,762,6.61
34,35,1,0,1,5,0,29000,1,4,4.68199486,37846.16667,785,6.19875
35,36,0,0,1,5,1,15000,0,2,4.31879538,13227.5,760,10.07416667
36,37,0,0,1,5,0,31000,0,2,5.25041296,44437.16667,619,5.881666667
37,38,0,0,1,5,1,20000,0,2,3.46916133,19520.66667,750,8.896666667
38,39,1,1,1,3,1,26000,1,3,3.41905047,12789.0,635,9.910833333
39,40,0,0,1,4,1,17000,0,1,4.70796553,36093.16667,643,6.358333333
40,41,1,0,1,5,1,18000,0,4,5.30387327,40216.83333,600,5.3995
41,42,1,1,1,5,0,36000,1,4,3.52061247,30573.16667,727,7.733416667
42,43,1,1,0,4,1,37000,1,4,5.32080167,37332.5,689,7.508333333
43,44,1,1,0,3,0,18000,0,4,4.90678778,44426.0,699,5.095083333
44,45,1,1,1,4,1,20000,0,4,5.4584248,32076.33333,782,6.318333333
45,46,1,0,0,4,1,30000,0,3,4.06666964,29309.33333,781,7.521666667
46,47,0,0,1,4,1,19000,0,2,4.83260494,41912.16667,647,5.567416667
47,48,0,1,0,4,0,24000,0,2,4.98532915,40216.83333,643,5.3995
48,49,1,1,0,3,0,29000,0,4,5.35396094,31577.33333,686,7.701083333
49,50,1,0,0,5,1,17000,1,4,4.94922646,19439.0,665,8.024166667
50,51,0,1,1,5,0,26000,1,1,4.26439053,21536.0,729,8.66
51,52,1,0,0,4,1,32000,0,4,5.30387327,40216.83333,698,5.3995
52,53,0,0,1,3,1,19000,0,2,4.94922646,19439.0,740,8.024166667
53,54,0,1,0,4,1,22000,0,2,5.02379729,42063.16667,607,5.414833333
54,55,0,1,1,3,1,18000,0,2,3.76339417,29309.33333,633,7.521666667
55,56,1,1,1,5,1,20000,0,3,3.58429637,13227.5,735,10.07416667
56,57,1,0,1,5,1,18000,1,3,3.78502178,30804.0,745,8.431666667
57,58,1,1,0,5,0,17000,1,4,3.71008358,27256.0,792,7.8225
58,59,1,1,1,3,0,32000,0,4,5.24425019,36600.0,762,7.11
59,60,1,1,0,3,1,18000,0,2,4.3,44555.83333,645,5.981666667
60,61,0,1,0,4,0,21000,0,2,4.92918489,41229.83333,603,5.91
61,62,0,0,0,4,0,40000,1,1,5.11135844,32304.66667,752,7.193916667
62,63,0,1,0,4,1,20000,0,1,5.02379729,42063.16667,754,5.414833333
63,64,1,1,0,4,1,31000,1,3,4.75727494,40418.0,607,6.365083333
64,65,1,0,1,4,1,23000,0,4,4.82778981,41229.83333,737,5.91
65,66,1,1,1,3,0,15000,0,3,5.36220735,35583.16667,625,6.431666667
66,67,1,0,1,5,0,23000,0,4,5.03775575,30100.5,655,7.96275
67,68,0,1,0,4,0,17000,0,1,4.75727494,40418.0,795,6.365083333
68,69,0,1,1,4,1,28000,0,1,3.96172167,26982.33333,784,8.568333333
69,70,0,1,1,3,1,17000,0,1,3.71008358,27256.0,745,7.8225
70,71,1,1,0,3,0,22000,0,4,5.23935845,44437.16667,650,5.881666667
71,72,0,0,0,4,0,39000,1,2,4.3,44555.83333,623,5.981666667
72,73,0,1,1,5,1,16000,1,2,3.76339417,29309.33333,737,7.521666667
73,74,1,1,0,4,0,17000,1,2,3.31364755,30373.83333,600,7.9825
74,75,1,0,0,4,0,27000,0,4,4.53300508,44425.83333,705,5.8425
75,76,0,0,0,3,1,27000,1,1,4.34354688,27256.0,754,7.8225
76,77,0,1,1,5,1,23000,0,2,3.22742853,30804.0,784,8.431666667
77,78,0,1,1,4,0,19000,0,2,3.58429637,13227.5,647,10.07416667
78,79,1,1,0,3,0,20000,0,3,5.05485168,37846.16667,625,6.19875
79,80,0,1,0,4,1,24000,0,2,3.71008358,27256.0,717,7.8225
80,81,0,0,0,4,0,25000,0,1,5.39200968,40243.16667,795,6.096666667
81,82,1,1,0,5,0,16000,0,2,3.44487597,24066.16667,629,7.715833333
82,83,1,1,1,4,0,29000,1,3,5.59830462,36109.5,790,6.61
83,84,0,0,0,3,1,37000,1,1,3.59050539,12789.0,742,9.910833333
84,85,0,1,1,3,1,37000,1,1,4.94709939,36093.16667,767,6.358333333
85,86,0,0,1,4,0,16000,1,2,5.30387327,40216.83333,723,5.3995
86,87,1,1,0,5,1,23000,0,2,4.6,44100.16667,727,6.0575
87,88,1,0,0,3,0,30000,0,4,5.11135844,32304.66667,621,7.193916667
88,89,1,1,0,5,0,40000,1,3,4.26439053,21536.0,623,8.66
89,90,0,1,0,4,1,20000,0,1,4.2,43587.5,772,6.165
90,91,1,1,0,4,0,26000,1,4,4.6,44100.16667,720,6.0575
91,92,1,0,0,3,1,37000,1,3,5.30387327,40216.83333,751,5.3995
92,93,1,0,0,5,1,34000,1,4,4.98618179,42063.16667,609,5.414833333
93,94,0,1,1,4,1,30000,0,1,5.14091293,40243.16667,737,6.096666667
94,95,0,0,0,4,1,35000,1,2,5.39200968,40243.16667,694,6.096666667
95,96,0,1,0,5,0,31000,0,1,4.3,44555.83333,629,5.981666667
96,97,0,1,0,5,0,34000,1,1,5.4584248,32076.33333,728,6.318333333
97,98,1,0,0,3,0,22000,0,4,4.8864339,40418.0,710,6.365083333
98,99,0,1,1,3,1,27000,1,1,4.92918489,41229.83333,752,5.91
99,100,0,0,0,3,1,40000,1,1,5.39200968,40243.16667,697,6.096666667
100,101,0,1,0,5,0,22000,0,1,3.76339417,29309.33333,784,7.521666667
101,102,0,1,1,5,0,24000,0,2,4.78107286,39064.0,618,5.945
102,103,0,0,0,4,1,16000,1,1,4.83260494,41912.16667,601,5.567416667
103,104,0,1,0,4,1,18000,0,1,4.26439053,21536.0,737,8.66
104,105,1,1,0,4,1,36000,1,3,5.14091293,40243.16667,751,6.096666667
105,106,1,0,0,4,1,34000,1,3,4.3801824,30573.16667,665,7.733416667
106,107,0,0,0,4,0,16000,1,1,4.54175572,20563.0,726,8.315833333
107,108,0,0,0,4,0,24000,0,1,4.54175572,20563.0,634,8.315833333
108,109,1,1,0,4,1,15000,1,2,5.35396094,31577.33333,686,7.701083333
109,110,0,1,1,4,1,20000,0,2,4.98532915,40216.83333,780,5.3995
110,111,0,1,0,4,1,20000,0,2,4.2,43587.5,739,6.165
111,112,0,0,1,4,0,16000,1,2,5.30387327,40216.83333,658,5.3995
112,113,0,1,1,4,0,18000,0,1,3.76339417,29309.33333,632,7.521666667
113,114,1,0,1,5,0,20000,0,3,4.78069453,36109.5,699,6.61
114,115,0,0,0,4,0,31000,0,3,5.74138196,32076.33333,710,6.318333333
115,116,1,0,0,4,1,17000,1,2,3.46916133,19520.66667,717,8.896666667
116,117,1,1,0,3,0,18000,1,3,5.32080167,37332.5,750,7.508333333
117,118,0,1,1,5,0,20000,0,1,5.4584248,32076.33333,622,6.318333333
118,119,1,1,0,3,0,28000,1,4,5.24425019,36600.0,696,7.11
119,120,0,0,0,5,0,20000,0,2,5.25041296,44437.16667,644,5.881666667
120,121,1,0,1,3,1,20000,0,4,5.39200968,40243.16667,722,6.096666667
121,122,0,1,1,4,0,28000,1,2,4.94709939,36093.16667,693,6.358333333
122,123,0,0,1,4,1,36000,1,1,5.83158683,35583.16667,752,6.431666667
123,124,1,1,0,5,1,19000,0,2,3.52061247,30573.16667,757,7.733416667
124,125,1,0,0,3,1,37000,1,4,5.22030741,36600.0,673,7.11
125,126,0,0,0,5,1,20000,0,2,4.32400469,14487.16667,697,8.983333333
126,127,0,1,0,3,0,20000,0,1,3.22742853,30804.0,734,8.431666667
127,128,0,0,1,3,0,24000,0,3,4.69723033,41661.66667,772,6.199
128,129,0,0,1,3,0,18000,0,1,3.84357001,24066.16667,695,7.715833333
129,130,1,1,0,3,0,15000,0,4,4.3,44555.83333,604,5.981666667
130,131,0,1,0,4,1,18000,0,1,3.66114181,20563.0,684,8.315833333
131,132,0,1,1,3,0,30000,1,1,5.36220735,35583.16667,793,6.431666667
132,133,1,1,0,3,1,16000,0,3,3.4686843,14487.16667,755,8.983333333
133,134,0,0,0,5,1,17000,0,2,5.83158683,35583.16667,719,6.431666667
134,135,0,0,0,5,0,22000,0,1,3.84357001,24066.16667,690,7.715833333
135,136,0,1,0,4,0,28000,1,1,4.28381716,42857.16667,676,5.604166667
136,137,1,1,0,3,0,35000,1,3,3.66114181,20563.0,766,8.315833333
137,138,1,1,1,3,1,27000,0,3,3.52061247,30573.16667,619,7.733416667
138,139,1,1,0,5,0,38000,1,3,3.41905047,12789.0,637,9.910833333
139,140,0,0,0,3,1,36000,1,2,5.74138196,32076.33333,749,6.318333333
140,141,1,1,1,3,1,17000,0,3,3.4686843,14487.16667,689,8.983333333
141,142,1,0,0,3,0,20000,0,4,5.1950095,31577.33333,752,7.701083333
142,143,0,0,1,5,1,32000,0,1,4.32400469,14487.16667,688,8.983333333
143,144,1,1,0,5,0,35000,1,4,4.58965589,41661.66667,777,6.199
144,145,0,1,1,5,0,38000,1,3,5.14091293,40243.16667,637,6.096666667
145,146,1,1,0,3,1,23000,0,2,3.71008358,27256.0,615,7.8225
146,147,0,1,0,5,1,39000,1,1,4.58965589,41661.66667,724,6.199
147,148,0,1,0,4,0,39000,1,2,5.59830462,36109.5,761,6.61
148,149,0,1,0,4,0,15000,0,2,3.22742853,30804.0,654,8.431666667
149,150,1,0,1,4,0,26000,1,3,4.06666964,29309.33333,748,7.521666667
150,151,0,0,0,3,1,31000,0,2,3.46916133,19520.66667,768,8.896666667
151,152,0,1,0,5,1,20000,0,1,3.66114181,20563.0,744,8.315833333
152,153,1,1,0,5,0,40000,1,3,5.0356035,19439.0,659,8.024166667
153,154,0,0,1,3,0,19000,0,2,4.84510369,39064.0,767,5.945
154,155,1,1,1,5,0,15000,1,4,5.0356035,19439.0,726,8.024166667
155,156,1,1,0,5,1,15000,1,2,5.32080167,37332.5,732,7.508333333
156,157,1,0,0,5,1,17000,0,3,4.34354688,27256.0,627,7.8225
157,158,1,1,0,5,1,21000,0,3,3.58429637,13227.5,685,10.07416667
158,159,1,0,1,5,1,36000,1,4,4.84510369,39064.0,797,5.945
159,160,0,0,1,5,0,25000,0,4,6.74115103,27335.5,710,8.079916667
160,161,0,0,1,4,0,34000,1,3,4.6,44100.16667,655,6.0575
161,162,1,0,0,5,1,35000,1,4,4.68199486,37846.16667,792,6.19875
162,163,0,0,0,3,1,18000,0,3,5.30387327,40216.83333,743,5.3995
163,164,0,0,0,5,1,18000,0,2,4.53300508,44425.83333,649,5.8425
164,165,1,1,0,5,1,36000,1,4,4.78107286,39064.0,687,5.945
165,166,1,1,1,3,0,15000,1,4,4.75727494,40418.0,659,6.365083333
166,167,0,0,1,3,1,18000,0,3,4.98618179,42063.16667,644,5.414833333
167,168,0,1,0,5,0,31000,0,2,5.23935845,44437.16667,722,5.881666667
168,169,0,1,0,5,1,35000,1,2,2.93965649,19520.66667,699,8.896666667
169,170,1,1,1,4,0,19000,0,4,5.59830462,36109.5,700,6.61
170,171,1,1,0,5,0,22000,0,4,4.98532915,40216.83333,657,5.3995
171,172,0,1,0,4,0,20000,0,1,5.19011599,32304.66667,756,7.193916667
172,173,0,0,0,3,0,21000,0,1,3.63669268,30115.33333,770,7.608333333
173,174,1,1,1,4,1,20000,0,4,5.36220735,35583.16667,753,6.431666667
174,175,1,1,0,4,0,15000,0,3,5.02379729,42063.16667,617,5.414833333
175,176,1,0,1,3,0,16000,1,4,4.8864339,40418.0,682,6.365083333
176,177,0,0,1,3,0,28000,1,2,4.15050313,42857.16667,796,5.604166667
177,178,0,0,1,4,0,19000,0,1,4.82778981,41229.83333,740,5.91
178,179,1,1,0,4,1,20000,0,2,4.75727494,40418.0,601,6.365083333
179,180,0,0,0,5,1,37000,1,1,4.8864339,40418.0,624,6.365083333
180,181,0,1,1,5,0,20000,0,1,4.26439053,21536.0,706,8.66
181,182,1,0,0,4,1,38000,1,4,5.03775575,30100.5,739,7.96275
182,183,1,1,0,3,1,40000,1,3,3.14890585,30115.33333,654,7.608333333
183,184,0,0,0,5,1,27000,0,3,4.3,44555.83333,686,5.981666667
184,185,0,1,1,3,0,17000,0,1,3.52061247,30573.16667,640,7.733416667
185,186,0,0,0,5,1,19000,0,2,5.39200968,40243.16667,689,6.096666667
186,187,0,0,0,3,1,15000,0,1,3.78502178,30804.0,707,8.431666667
187,188,1,0,0,3,0,18000,0,3,3.84357001,24066.16667,734,7.715833333
188,189,1,1,0,3,1,19000,0,4,5.02379729,42063.16667,603,5.414833333
189,190,0,0,1,3,1,23000,0,2,4.04175506,21536.0,789,8.66
190,191,0,1,1,4,1,24000,0,2,3.66114181,20563.0,784,8.315833333
191,192,0,1,1,4,1,16000,0,2,4.88226702,41912.16667,777,5.567416667
192,193,0,1,1,5,1,29000,0,2,4.29406689,44425.83333,763,5.8425
193,194,0,0,0,5,1,26000,0,1,4.69723033,41661.66667,796,6.199
194,195,0,0,1,5,0,19000,0,1,4.94922646,19439.0,722,8.024166667
195,196,1,1,0,3,1,21000,0,4,5.36220735,35583.16667,617,6.431666667
196,197,1,1,0,4,1,26000,1,4,2.93965649,19520.66667,624,8.896666667
197,198,0,0,1,5,1,39000,1,3,4.72142055,22755.0,755,7.940833333
198,199,1,1,0,3,0,19000,0,3,3.46001951,18716.66667,758,8.200833333
199,200,0,0,1,3,1,28000,0,1,5.1950095,31577.33333,651,7.701083333
200,201,0,1,1,4,1,39000,1,2,4.2,43587.5,718,6.165
201,202,1,0,0,5,0,40000,1,4,5.74138196,32076.33333,772,6.318333333
202,203,0,0,1,3,0,15000,0,1,4.86656602,37332.5,608,7.508333333
203,204,0,0,1,5,1,18000,0,2,4.70796553,36093.16667,726,6.358333333
204,205,0,0,1,3,1,20000,0,1,4.94922646,19439.0,746,8.024166667
205,206,0,0,0,5,1,31000,0,1,4.3,44555.83333,793,5.981666667
206,207,0,0,0,5,1,21000,0,1,4.8864339,40418.0,783,6.365083333
207,208,0,1,0,3,0,19000,0,1,5.34449117,22755.0,650,7.940833333
208,209,0,0,0,4,1,38000,1,3,5.22030741,36600.0,658,7.11
209,210,1,1,0,1,1,16000,0,3,4.90678778,44426.0,794,5.095083333
210,211,1,1,1,3,0,19000,0,4,2.93965649,19520.66667,688,8.896666667
211,212,0,0,0,4,1,32000,0,1,4.69723033,41661.66667,642,6.199
212,213,0,0,0,4,1,16000,1,1,4.83260494,41912.16667,734,5.567416667
213,214,0,1,0,3,1,19000,0,1,4.90678778,44426.0,688,5.095083333
214,215,1,1,0,3,0,17000,1,3,3.96172167,26982.33333,644,8.568333333
215,216,1,1,1,5,1,24000,0,4,4.29406689,44425.83333,653,5.8425
216,217,0,1,1,4,1,16000,0,2,3.71008358,27256.0,702,7.8225
217,218,0,1,0,3,1,20000,0,2,3.14890585,30115.33333,623,7.608333333
218,219,1,0,1,3,0,16000,1,4,5.74138196,32076.33333,693,6.318333333
219,220,0,1,1,5,0,22000,0,2,4.90678778,44426.0,645,5.095083333
220,221,0,1,1,5,1,33000,1,2,5.59830462,36109.5,772,6.61
221,222,0,1,0,4,0,39000,1,1,5.35396094,31577.33333,708,7.701083333
222,223,0,0,1,5,0,16000,1,2,5.25041296,44437.16667,699,5.881666667
223,224,0,0,0,5,0,22000,0,2,5.03775575,30100.5,782,7.96275
224,225,0,0,1,4,0,24000,0,1,4.8864339,40418.0,614,6.365083333
225,226,1,1,0,5,1,26000,1,3,4.29406689,44425.83333,608,5.8425
226,227,1,1,1,3,1,17000,1,4,4.6,44100.16667,659,6.0575
227,228,1,0,0,4,1,21000,0,4,4.54175572,20563.0,658,8.315833333
228,229,1,1,1,5,1,18000,0,4,5.0356035,19439.0,643,8.024166667
229,230,0,0,0,3,0,28000,0,1,4.53300508,44425.83333,783,5.8425
230,231,1,1,1,4,1,30000,0,4,5.35522049,30100.5,681,7.96275
231,232,1,0,0,3,0,37000,1,4,3.46916133,19520.66667,623,8.896666667
232,233,1,1,1,5,0,15000,0,4,3.52061247,30573.16667,655,7.733416667
233,234,1,1,1,5,0,21000,0,3,4.6,44100.16667,708,6.0575
234,235,0,1,0,3,1,26000,1,2,5.05485168,37846.16667,605,6.19875
235,236,1,1,0,5,0,37000,1,3,4.98532915,40216.83333,722,5.3995
236,237,0,0,1,3,1,29000,0,1,3.84357001,24066.16667,738,7.715833333
237,238,1,0,0,4,1,17000,1,4,3.59050539,12789.0,751,9.910833333
238,239,1,1,1,3,1,39000,1,4,5.24425019,36600.0,616,7.11
239,240,1,1,1,4,0,19000,0,4,4.94709939,36093.16667,651,6.358333333
240,241,1,1,0,3,0,19000,0,4,3.96172167,26982.33333,752,8.568333333
241,242,1,0,0,3,1,26000,0,4,5.39200968,40243.16667,682,6.096666667
242,243,0,1,0,3,1,29000,0,2,3.52061247,30573.16667,772,7.733416667
243,244,0,1,0,3,0,34000,1,1,4.94709939,36093.16667,679,6.358333333
244,245,0,0,0,3,1,17000,0,1,5.74138196,32076.33333,603,6.318333333
245,246,0,1,0,4,0,19000,0,1,3.66114181,20563.0,722,8.315833333
246,247,0,0,0,3,1,29000,0,2,4.70796553,36093.16667,682,6.358333333
247,248,1,0,1,3,0,15000,0,3,3.46916133,19520.66667,687,8.896666667
248,249,1,1,1,5,1,19000,0,3,2.96690257,16516.83333,787,8.589166667
249,250,0,1,0,4,0,17000,1,2,5.19011599,32304.66667,704,7.193916667
250,251,1,1,0,5,1,20000,0,4,4.78107286,39064.0,761,5.945
251,252,0,1,0,4,1,29000,0,1,4.3,44555.83333,754,5.981666667
252,253,1,0,1,5,1,33000,1,4,4.38253338,26982.33333,663,8.568333333
253,254,1,0,0,5,0,26000,0,4,4.72142055,22755.0,774,7.940833333
254,255,0,0,1,4,0,33000,1,1,4.38253338,26982.33333,728,8.568333333
255,256,1,1,0,4,1,33000,1,3,5.35396094,31577.33333,648,7.701083333
256,257,0,0,1,4,1,40000,1,1,4.82778981,41229.83333,721,5.91
257,258,1,0,0,5,1,31000,0,4,4.87568406,44426.0,685,5.095083333
258,259,1,0,0,3,1,32000,0,4,4.2,43587.5,738,6.165
259,260,1,1,0,4,0,19000,0,3,5.35522049,30100.5,688,7.96275
260,261,1,1,1,3,1,15000,0,3,4.90678778,44426.0,622,5.095083333
261,262,0,1,0,4,0,19000,0,2,3.41905047,12789.0,662,9.910833333
262,263,1,1,0,5,1,22000,0,3,3.71008358,27256.0,794,7.8225
263,264,1,0,1,4,1,34000,1,3,4.04175506,21536.0,770,8.66
264,265,1,0,0,4,0,35000,1,4,4.8864339,40418.0,710,6.365083333
265,266,1,0,0,5,1,29000,1,3,5.03775575,30100.5,770,7.96275
266,267,1,0,0,4,1,38000,1,3,4.84510369,39064.0,690,5.945
267,268,0,1,1,5,1,16000,0,1,4.3,44555.83333,632,5.981666667
268,269,0,0,0,4,0,33000,0,2,5.39200968,40243.16667,693,6.096666667
269,270,0,1,1,4,0,33000,1,1,4.78107286,39064.0,637,5.945
270,271,0,1,1,4,1,32000,0,2,5.77682986,27335.5,609,8.079916667
271,272,1,1,0,5,0,33000,1,4,4.26439053,21536.0,780,8.66
272,273,1,0,1,4,1,24000,0,3,3.65529884,18716.66667,768,8.200833333
273,274,1,1,0,4,1,15000,0,3,4.94709939,36093.16667,629,6.358333333
274,275,0,1,0,5,1,15000,0,2,3.41905047,12789.0,611,9.910833333
275,276,1,1,0,5,1,16000,0,3,4.98532915,40216.83333,617,5.3995
276,277,1,1,1,4,1,17000,1,4,5.35522049,30100.5,612,7.96275
277,278,1,1,1,3,1,19000,0,4,5.4584248,32076.33333,744,6.318333333
278,279,0,1,1,4,1,20000,0,2,2.96690257,16516.83333,609,8.589166667
279,280,0,1,0,5,1,32000,0,1,5.02379729,42063.16667,728,5.414833333
280,281,1,1,1,4,1,17000,1,4,5.59830462,36109.5,639,6.61
281,282,0,1,1,4,0,40000,1,1,4.90678778,44426.0,603,5.095083333
282,283,0,1,0,4,1,15000,1,1,4.58965589,41661.66667,611,6.199
283,284,0,1,1,4,0,32000,0,3,3.46001951,18716.66667,634,8.200833333
284,285,0,0,1,3,0,26000,0,1,5.30387327,40216.83333,746,5.3995
285,286,1,1,0,5,0,29000,0,3,3.44487597,24066.16667,624,7.715833333
286,287,0,1,1,5,1,31000,0,2,4.94709939,36093.16667,678,6.358333333
287,288,1,0,1,5,1,36000,1,4,4.15050313,42857.16667,619,5.604166667
288,289,0,1,0,5,1,39000,1,3,4.94709939,36093.16667,646,6.358333333
289,290,1,0,1,3,1,39000,1,3,4.3,44555.83333,607,5.981666667
290,291,1,1,0,3,0,20000,0,3,5.59830462,36109.5,614,6.61
291,292,1,0,1,5,0,30000,0,4,3.78502178,30804.0,796,8.431666667
292,293,1,1,1,3,1,17000,0,4,5.05485168,37846.16667,691,6.19875
293,294,1,1,1,3,1,19000,0,4,4.29406689,44425.83333,635,5.8425
294,295,0,0,0,5,1,31000,0,2,4.84510369,39064.0,613,5.945
295,296,0,0,0,5,1,19000,0,3,4.15050313,42857.16667,651,5.604166667
296,297,0,0,1,4,1,28000,0,1,3.38752413,16516.83333,640,8.589166667
297,298,0,0,0,3,0,18000,1,2,4.94922646,19439.0,621,8.024166667
298,299,1,1,1,4,1,37000,1,3,5.23935845,44437.16667,696,5.881666667
299,300,0,0,1,5,1,38000,1,2,3.63669268,30115.33333,611,7.608333333
300,301,0,1,0,4,1,27000,0,1,4.98532915,40216.83333,731,5.3995
301,302,1,1,1,3,1,34000,1,2,3.52061247,30573.16667,776,7.733416667
302,303,0,1,0,3,0,37000,1,2,5.24425019,36600.0,699,7.11
303,304,0,1,1,3,0,16000,1,1,3.41905047,12789.0,711,9.910833333
304,305,1,1,0,3,1,31000,0,4,3.71008358,27256.0,724,7.8225
305,306,0,0,1,4,0,16000,0,1,4.78069453,36109.5,642,6.61
306,307,0,1,1,3,0,24000,0,1,4.3,44555.83333,616,5.981666667
307,308,1,1,0,3,1,36000,1,4,5.14091293,40243.16667,797,6.096666667
308,309,0,0,1,4,1,20000,0,1,5.03775575,30100.5,759,7.96275
309,310,0,0,1,4,1,34000,1,3,4.87568406,44426.0,737,5.095083333
310,311,1,0,0,3,1,16000,1,3,4.3,44555.83333,763,5.981666667
311,312,0,0,1,3,0,25000,0,3,4.06666964,29309.33333,775,7.521666667
312,313,0,1,0,3,1,40000,1,1,2.93965649,19520.66667,688,8.896666667
313,314,1,1,0,3,1,29000,1,3,5.24425019,36600.0,669,7.11
314,315,1,0,1,4,1,16000,1,3,4.78069453,36109.5,700,6.61
315,316,0,1,0,5,1,17000,1,1,4.94709939,36093.16667,726,6.358333333
316,317,1,1,1,3,0,20000,0,2,4.75727494,40418.0,736,6.365083333
317,318,1,0,1,3,1,25000,0,4,4.3,44555.83333,724,5.981666667
318,319,1,1,0,5,0,29000,0,3,4.3,44555.83333,612,5.981666667
319,320,0,0,0,4,0,40000,1,2,3.65529884,18716.66667,623,8.200833333
320,321,0,1,0,3,1,31000,0,1,4.26439053,21536.0,625,8.66
321,322,0,0,0,4,1,36000,1,1,4.72142055,22755.0,735,7.940833333
322,323,0,1,1,3,1,39000,1,2,3.71008358,27256.0,728,7.8225
323,324,0,0,0,3,1,18000,0,2,5.74138196,32076.33333,651,6.318333333
324,325,0,1,0,4,1,19000,0,1,5.02379729,42063.16667,704,5.414833333
325,326,1,0,0,3,1,25000,0,4,4.98618179,42063.16667,654,5.414833333
326,327,1,0,0,4,1,26000,1,3,4.69723033,41661.66667,708,6.199
327,328,0,0,0,3,0,35000,1,2,4.32400469,14487.16667,751,8.983333333
328,329,1,1,0,3,1,18000,1,3,4.98532915,40216.83333,726,5.3995
329,330,0,1,1,4,0,16000,1,1,2.93965649,19520.66667,787,8.896666667
330,331,1,0,1,3,0,19000,0,3,4.83260494,41912.16667,670,5.567416667
331,332,1,0,0,5,1,20000,0,3,4.82778981,41229.83333,620,5.91
332,333,1,0,0,3,1,21000,0,4,4.87568406,44426.0,750,5.095083333
333,334,1,1,0,4,0,17000,1,4,4.94709939,36093.16667,701,6.358333333
334,335,0,0,0,4,0,21000,0,2,3.63669268,30115.33333,633,7.608333333
335,336,0,0,1,5,1,29000,1,2,4.06666964,29309.33333,704,7.521666667
336,337,0,1,0,4,0,34000,1,1,4.26439053,21536.0,628,8.66
337,338,1,1,0,3,1,17000,0,3,5.36220735,35583.16667,632,6.431666667
338,339,1,0,0,5,1,37000,1,3,4.69723033,41661.66667,734,6.199
339,340,0,1,0,3,0,39000,1,1,3.41905047,12789.0,771,9.910833333
340,341,0,0,0,4,1,29000,0,1,5.11135844,32304.66667,694,7.193916667
341,342,0,0,1,5,1,30000,0,1,5.39200968,40243.16667,741,6.096666667
342,343,1,0,1,3,0,34000,1,3,4.87568406,44426.0,640,5.095083333
343,344,0,0,0,5,1,15000,0,1,4.98618179,42063.16667,626,5.414833333
344,345,0,1,0,5,1,19000,0,2,2.96690257,16516.83333,716,8.589166667
345,346,0,0,0,5,1,18000,0,1,4.86656602,37332.5,731,7.508333333
346,347,0,0,0,3,0,27000,1,1,4.15050313,42857.16667,796,5.604166667
347,348,1,1,1,4,1,34000,1,3,4.3,44555.83333,744,5.981666667
348,349,0,1,0,5,0,17000,0,1,2.96690257,16516.83333,782,8.589166667
349,350,0,0,0,4,0,22000,0,2,4.38253338,26982.33333,763,8.568333333
350,351,1,1,1,5,1,22000,0,4,3.58429637,13227.5,730,10.07416667
351,352,0,1,1,3,0,35000,1,1,2.93965649,19520.66667,664,8.896666667
352,353,0,1,0,4,1,37000,1,2,4.6,44100.16667,687,6.0575
353,354,1,1,1,4,0,15000,0,4,4.29406689,44425.83333,720,5.8425
354,355,0,1,1,3,1,20000,0,1,3.41905047,12789.0,684,9.910833333
355,356,0,0,1,3,0,23000,0,3,4.15050313,42857.16667,649,5.604166667
356,357,1,0,1,3,0,16000,1,3,4.53300508,44425.83333,749,5.8425
357,358,0,1,0,3,1,16000,1,1,5.19011599,32304.66667,694,7.193916667
358,359,1,1,0,3,1,25000,0,3,5.14091293,40243.16667,747,6.096666667
359,360,0,1,1,4,1,26000,0,3,5.0356035,19439.0,656,8.024166667
360,361,1,1,0,5,0,27000,1,4,5.35522049,30100.5,644,7.96275
361,362,1,1,1,5,1,37000,1,4,5.32080167,37332.5,788,7.508333333
362,363,1,1,0,5,1,38000,1,3,3.76339417,29309.33333,776,7.521666667
363,364,0,0,0,4,1,33000,1,3,4.38253338,26982.33333,770,8.568333333
364,365,0,1,0,4,0,40000,1,1,5.77682986,27335.5,636,8.079916667
365,366,1,1,1,5,1,36000,1,3,5.0356035,19439.0,707,8.024166667
366,367,1,1,0,4,0,37000,1,3,5.36220735,35583.16667,780,6.431666667
367,368,1,0,0,5,0,15000,0,4,5.11135844,32304.66667,662,7.193916667
368,369,1,1,0,4,0,25000,0,4,2.96690257,16516.83333,749,8.589166667
369,370,0,0,0,5,1,15000,0,2,4.15050313,42857.16667,601,5.604166667
370,371,1,1,0,3,0,16000,1,4,5.36220735,35583.16667,786,6.431666667
371,372,1,1,1,3,1,17000,0,4,4.75727494,40418.0,664,6.365083333
372,373,0,1,0,3,0,19000,0,2,4.2,43587.5,603,6.165
373,374,1,0,1,3,0,19000,0,4,3.84357001,24066.16667,673,7.715833333
374,375,0,1,1,5,1,33000,1,2,3.41905047,12789.0,791,9.910833333
375,376,0,1,1,3,1,20000,0,2,4.78107286,39064.0,612,5.945
376,377,1,1,0,3,0,25000,0,2,4.58965589,41661.66667,655,6.199
377,378,1,0,1,3,0,34000,1,4,4.3801824,30573.16667,793,7.733416667
378,379,0,1,1,3,1,34000,1,1,3.44487597,24066.16667,739,7.715833333
379,380,1,1,0,4,1,40000,1,4,3.46001951,18716.66667,607,8.200833333
380,381,0,1,0,5,1,25000,0,2,5.32080167,37332.5,687,7.508333333
381,382,0,1,0,5,0,26000,0,2,5.23935845,44437.16667,742,5.881666667
382,383,0,0,1,5,1,36000,1,1,4.69723033,41661.66667,733,6.199
383,384,1,1,0,4,1,18000,0,3,3.76339417,29309.33333,665,7.521666667
384,385,0,1,1,4,0,30000,1,2,4.3,44555.83333,601,5.981666667
385,386,1,1,0,4,0,40000,1,4,4.88226702,41912.16667,775,5.567416667
386,387,0,0,1,4,1,36000,1,1,4.53300508,44425.83333,607,5.8425
387,388,0,0,0,4,1,25000,0,1,4.69723033,41661.66667,673,6.199
388,389,1,1,0,3,0,26000,1,3,5.35396094,31577.33333,794,7.701083333
389,390,1,0,1,5,1,18000,0,4,4.38253338,26982.33333,771,8.568333333
390,391,0,1,0,4,1,19000,0,1,5.24425019,36600.0,675,7.11
391,392,0,1,1,4,1,29000,0,2,4.3,44555.83333,711,5.981666667
392,393,1,1,1,4,1,18000,0,2,3.41905047,12789.0,679,9.910833333
393,394,0,0,1,4,1,27000,0,2,4.68199486,37846.16667,735,6.19875
394,395,0,0,0,4,1,39000,1,1,4.54175572,20563.0,677,8.315833333
395,396,1,1,0,3,0,21000,0,4,2.96690257,16516.83333,631,8.589166667
396,397,0,1,1,3,0,36000,1,1,3.96172167,26982.33333,733,8.568333333
397,398,1,1,1,5,1,28000,1,3,5.36220735,35583.16667,675,6.431666667
398,399,1,1,0,5,0,35000,1,4,5.35522049,30100.5,710,7.96275
399,400,1,0,1,5,1,19000,0,4,5.03775575,30100.5,610,7.96275
400,401,0,0,1,3,1,29000,1,2,3.59050539,12789.0,754,9.910833333
401,402,0,0,1,3,0,17000,0,1,4.86656602,37332.5,688,7.508333333
402,403,0,0,1,4,0,15000,1,2,6.74115103,27335.5,705,8.079916667
403,404,1,1,0,3,1,18000,0,3,2.96690257,16516.83333,630,8.589166667
404,405,1,1,0,4,1,19000,0,3,5.19011599,32304.66667,672,7.193916667
405,406,1,1,0,5,1,22000,0,4,5.35522049,30100.5,617,7.96275
406,407,0,1,1,5,0,34000,1,2,3.41905047,12789.0,718,9.910833333
407,408,1,0,0,5,1,25000,0,3,4.32400469,14487.16667,722,8.983333333
408,409,1,0,1,4,0,17000,0,4,3.38752413,16516.83333,674,8.589166667
409,410,1,0,0,3,1,18000,0,3,3.84357001,24066.16667,684,7.715833333
410,411,0,0,0,5,0,32000,0,3,4.34354688,27256.0,731,7.8225
411,412,1,1,1,2,0,19000,0,3,5.35396094,31577.33333,635,7.701083333
412,413,0,1,1,3,1,40000,1,2,4.78107286,39064.0,747,5.945
413,414,1,1,1,2,0,15000,0,2,4.6,44100.16667,678,6.0575
414,415,0,0,1,4,1,17000,1,2,4.83260494,41912.16667,754,5.567416667
415,416,0,0,0,3,0,20000,0,1,3.38752413,16516.83333,736,8.589166667
416,417,1,1,0,3,0,17000,0,3,5.02379729,42063.16667,626,5.414833333
417,418,1,1,0,3,0,32000,0,4,5.23935845,44437.16667,774,5.881666667
418,419,1,1,1,5,0,18000,1,3,3.22742853,30804.0,766,8.431666667
419,420,0,0,0,5,1,25000,0,1,5.22030741,36600.0,751,7.11
420,421,0,0,0,4,1,29000,1,2,3.84357001,24066.16667,766,7.715833333
421,422,0,1,0,5,1,32000,0,2,5.4584248,32076.33333,707,6.318333333
422,423,1,1,0,5,1,32000,0,3,5.32080167,37332.5,618,7.508333333
423,424,0,0,1,4,1,35000,1,3,3.38752413,16516.83333,603,8.589166667
424,425,0,0,0,3,0,19000,0,1,5.39200968,40243.16667,673,6.096666667
425,426,0,1,1,3,1,25000,0,2,5.35522049,30100.5,725,7.96275
426,427,1,1,1,4,0,36000,1,4,4.6,44100.16667,682,6.0575
427,428,1,0,0,5,0,21000,0,4,6.74115103,27335.5,630,8.079916667
428,429,1,1,0,4,1,19000,0,2,5.05485168,37846.16667,672,6.19875
429,430,1,1,1,5,0,27000,1,4,5.05485168,37846.16667,758,6.19875
430,431,1,1,0,5,1,20000,0,2,4.90678778,44426.0,683,5.095083333
431,432,0,1,0,5,1,16000,1,1,5.35396094,31577.33333,636,7.701083333
432,433,1,1,1,4,1,21000,0,3,3.52061247,30573.16667,709,7.733416667
433,434,1,0,0,3,0,25000,0,3,3.38752413,16516.83333,619,8.589166667
434,435,0,1,0,5,1,38000,1,2,4.94709939,36093.16667,674,6.358333333
435,436,0,0,0,5,1,35000,1,2,4.06666964,29309.33333,632,7.521666667
436,437,1,1,1,3,1,16000,1,4,5.36220735,35583.16667,751,6.431666667
437,438,1,1,1,4,1,28000,0,4,4.28381716,42857.16667,622,5.604166667
438,439,0,0,0,3,0,33000,1,1,4.94922646,19439.0,719,8.024166667
439,440,1,1,1,3,0,19000,0,3,5.05485168,37846.16667,687,6.19875
440,441,1,1,0,4,0,36000,1,3,3.44487597,24066.16667,620,7.715833333
441,442,0,1,0,3,1,20000,0,2,5.32080167,37332.5,753,7.508333333
442,443,0,0,1,5,1,33000,1,1,4.84510369,39064.0,704,5.945
443,444,1,0,0,4,0,17000,1,3,4.8864339,40418.0,703,6.365083333
444,445,0,1,1,5,0,20000,0,2,5.35396094,31577.33333,667,7.701083333
445,446,1,1,1,3,1,15000,1,3,5.05485168,37846.16667,718,6.19875
446,447,1,1,1,4,1,22000,0,4,5.14091293,40243.16667,682,6.096666667
447,448,0,1,0,5,1,32000,0,2,4.78107286,39064.0,768,5.945
448,449,1,1,1,3,0,18000,0,4,4.6,44100.16667,743,6.0575
449,450,0,1,0,4,1,15000,1,1,5.77682986,27335.5,701,8.079916667
450,451,0,0,0,5,1,20000,0,3,4.8864339,40418.0,661,6.365083333
451,452,0,1,1,5,0,28000,1,1,5.36220735,35583.16667,791,6.431666667
452,453,0,1,0,3,0,15000,0,2,3.46001951,18716.66667,732,8.200833333
453,454,0,1,0,5,0,21000,0,1,3.46001951,18716.66667,670,8.200833333
454,455,1,1,0,5,1,17000,1,3,2.96690257,16516.83333,641,8.589166667
455,456,0,0,0,3,1,25000,0,2,4.86656602,37332.5,756,7.508333333
456,457,0,1,0,4,1,38000,1,2,3.66114181,20563.0,636,8.315833333
457,458,0,0,0,4,1,19000,0,2,4.38253338,26982.33333,628,8.568333333
458,459,1,1,1,5,0,37000,1,3,5.05485168,37846.16667,609,6.19875
459,460,0,0,0,5,1,19000,0,2,4.34354688,27256.0,782,7.8225
460,461,1,1,0,4,1,20000,0,3,5.02379729,42063.16667,694,5.414833333
461,462,0,0,1,5,1,22000,0,2,3.78502178,30804.0,686,8.431666667
462,463,0,1,0,5,0,18000,0,2,4.58965589,41661.66667,751,6.199
463,464,0,0,0,5,1,30000,0,2,5.74138196,32076.33333,634,6.318333333
464,465,0,1,1,5,1,32000,0,1,2.93965649,19520.66667,745,8.896666667
465,466,0,0,1,4,0,19000,0,3,4.54175572,20563.0,792,8.315833333
466,467,0,0,1,4,0,23000,0,2,4.84510369,39064.0,690,5.945
467,468,0,1,1,3,1,19000,0,2,4.88226702,41912.16667,627,5.567416667
468,469,0,1,1,3,0,38000,1,2,4.6,44100.16667,704,6.0575
469,470,1,1,0,4,0,27000,1,4,5.34449117,22755.0,791,7.940833333
470,471,1,1,1,4,1,40000,1,4,3.41905047,12789.0,709,9.910833333
471,472,1,1,0,5,0,23000,0,3,5.23935845,44437.16667,624,5.881666667
472,473,0,0,1,3,1,25000,0,2,5.03775575,30100.5,623,7.96275
473,474,1,1,0,3,1,16000,1,4,4.92918489,41229.83333,678,5.91
474,475,0,0,1,5,1,20000,0,2,4.70796553,36093.16667,755,6.358333333
475,476,0,1,0,4,1,17000,1,1,5.34449117,22755.0,782,7.940833333
476,477,0,1,0,4,0,22000,0,2,3.4686843,14487.16667,751,8.983333333
477,478,0,1,0,4,1,24000,0,1,2.96690257,16516.83333,603,8.589166667
478,479,0,0,0,3,1,28000,1,2,4.2,43587.5,646,6.165
479,480,0,1,1,4,0,19000,0,1,5.32080167,37332.5,683,7.508333333
480,481,0,1,1,4,1,33000,1,2,3.52061247,30573.16667,722,7.733416667
481,482,0,1,1,3,1,18000,0,1,5.35396094,31577.33333,680,7.701083333
482,483,1,0,0,3,1,40000,1,4,4.69723033,41661.66667,647,6.199
483,484,1,1,0,4,1,40000,1,4,4.26439053,21536.0,641,8.66
484,485,1,0,0,4,1,21000,0,4,5.74138196,32076.33333,660,6.318333333
485,486,1,1,1,5,1,33000,1,3,5.19011599,32304.66667,673,7.193916667
486,487,1,0,0,3,0,15000,0,3,4.15050313,42857.16667,690,5.604166667
487,488,1,1,1,3,0,20000,0,3,3.46001951,18716.66667,668,8.200833333
488,489,0,1,1,4,1,28000,1,1,5.0356035,19439.0,600,8.024166667
489,490,0,1,1,4,1,16000,1,1,5.19011599,32304.66667,789,7.193916667
490,491,0,1,0,4,0,26000,0,2,5.34449117,22755.0,635,7.940833333
491,492,0,0,0,3,0,29000,1,1,5.22030741,36600.0,669,7.11
492,493,0,0,0,5,1,18000,0,2,4.53300508,44425.83333,728,5.8425
493,494,1,0,0,4,1,19000,0,4,3.63669268,30115.33333,727,7.608333333
494,495,0,1,1,3,1,33000,1,1,4.58965589,41661.66667,781,6.199
495,496,1,1,0,3,1,20000,0,3,4.29406689,44425.83333,717,5.8425
496,497,0,0,0,3,1,29000,0,2,4.06666964,29309.33333,662,7.521666667
497,498,0,1,0,5,1,37000,1,1,4.75727494,40418.0,675,6.365083333
498,499,1,1,0,3,1,17000,1,2,4.75727494,40418.0,671,6.365083333
499,500,1,1,0,5,1,23000,0,4,5.59830462,36109.5,666,6.61
500,501,1,1,0,3,1,19000,0,2,3.4686843,14487.16667,691,8.983333333
501,502,1,0,0,5,1,15000,1,4,3.59050539,12789.0,667,9.910833333
502,503,0,0,0,4,0,20000,0,2,4.54175572,20563.0,716,8.315833333
503,504,0,1,0,5,0,36000,1,2,4.92918489,41229.83333,625,5.91
504,505,0,0,0,3,0,15000,0,1,3.38752413,16516.83333,639,8.589166667
505,506,0,1,1,3,0,15000,0,1,4.29406689,44425.83333,629,5.8425
506,507,1,1,1,3,0,19000,0,4,4.88226702,41912.16667,743,5.567416667
507,508,1,1,0,5,0,40000,1,4,5.05485168,37846.16667,746,6.19875
508,509,0,0,0,5,1,39000,1,1,4.06666964,29309.33333,677,7.521666667
509,510,1,1,0,3,1,27000,0,4,3.41905047,12789.0,719,9.910833333
510,511,1,0,0,4,1,31000,0,3,4.3801824,30573.16667,728,7.733416667
511,512,0,0,0,3,1,25000,0,1,5.30387327,40216.83333,749,5.3995
512,513,1,1,1,5,0,19000,0,4,5.35396094,31577.33333,642,7.701083333
513,514,1,1,0,3,1,21000,0,4,5.77682986,27335.5,639,8.079916667
514,515,0,0,1,3,0,23000,0,1,3.63669268,30115.33333,721,7.608333333
515,516,0,1,0,3,0,24000,0,1,4.3,44555.83333,797,5.981666667
516,517,0,1,1,4,1,17000,1,1,5.36220735,35583.16667,619,6.431666667
517,518,1,1,0,3,1,26000,1,3,4.88226702,41912.16667,716,5.567416667
518,519,1,1,1,4,1,17000,0,4,4.28381716,42857.16667,749,5.604166667
519,520,1,1,0,4,0,19000,0,4,5.59830462,36109.5,702,6.61
520,521,0,0,0,3,0,21000,0,3,4.84510369,39064.0,663,5.945
521,522,0,1,0,5,1,21000,0,1,5.05485168,37846.16667,796,6.19875
522,523,1,0,0,5,1,31000,1,4,4.53300508,44425.83333,780,5.8425
523,524,0,1,1,5,1,19000,0,1,5.23935845,44437.16667,793,5.881666667
524,525,0,1,1,4,1,28000,0,1,5.32080167,37332.5,629,7.508333333
525,526,0,0,0,3,0,33000,1,1,4.78069453,36109.5,687,6.61
526,527,1,1,0,4,1,18000,1,4,5.0356035,19439.0,702,8.024166667
527,528,1,0,0,4,1,16000,1,3,5.1950095,31577.33333,781,7.701083333
528,529,1,1,1,3,1,39000,1,4,4.58965589,41661.66667,777,6.199
529,530,1,0,0,4,1,29000,0,4,4.72142055,22755.0,698,7.940833333
530,531,1,0,0,4,1,21000,0,3,4.6,44100.16667,656,6.0575
531,532,1,1,1,3,0,15000,0,3,2.96690257,16516.83333,626,8.589166667
532,533,0,0,0,3,1,21000,0,2,4.72142055,22755.0,673,7.940833333
533,534,1,1,0,5,0,24000,0,3,4.78107286,39064.0,764,5.945
534,535,0,1,1,4,1,26000,1,2,5.35522049,30100.5,741,7.96275
535,536,1,0,0,4,0,22000,0,4,4.82778981,41229.83333,697,5.91
536,537,0,0,0,3,0,17000,0,3,5.03775575,30100.5,716,7.96275
537,538,1,1,0,4,1,17000,0,4,5.14091293,40243.16667,605,6.096666667
538,539,0,0,1,3,0,20000,0,2,5.11135844,32304.66667,608,7.193916667
539,540,0,0,1,4,0,15000,0,1,5.1950095,31577.33333,717,7.701083333
540,541,0,1,0,5,1,39000,1,2,5.36220735,35583.16667,737,6.431666667
541,542,0,1,1,5,1,32000,0,2,4.28381716,42857.16667,797,5.604166667
542,543,0,0,0,5,1,34000,1,2,3.38752413,16516.83333,754,8.589166667
543,544,0,0,1,5,0,26000,0,3,3.70537487,30373.83333,601,7.9825
544,545,0,0,1,3,1,18000,1,1,4.2,43587.5,607,6.165
545,546,0,0,0,5,1,20000,0,3,5.25041296,44437.16667,643,5.881666667
546,547,0,0,1,3,1,31000,0,2,4.68199486,37846.16667,618,6.19875
547,548,1,1,0,5,0,20000,0,4,4.3,44555.83333,738,5.981666667
548,549,1,0,0,3,0,38000,1,4,3.38752413,16516.83333,638,8.589166667
549,550,1,0,1,5,1,15000,0,3,3.38752413,16516.83333,640,8.589166667
550,551,1,0,1,3,1,17000,1,4,3.59050539,12789.0,654,9.910833333
551,552,0,0,1,3,0,24000,0,3,3.70537487,30373.83333,700,7.9825
552,553,0,0,1,5,1,28000,1,2,3.38752413,16516.83333,611,8.589166667
553,554,1,1,0,5,1,19000,0,3,3.14890585,30115.33333,782,7.608333333
554,555,1,1,0,3,0,35000,1,4,5.32080167,37332.5,622,7.508333333
555,556,0,1,1,4,0,19000,0,1,5.59830462,36109.5,669,6.61
556,557,1,1,0,5,1,21000,0,4,5.4584248,32076.33333,765,6.318333333
557,558,0,0,0,4,0,35000,1,1,4.78069453,36109.5,658,6.61
558,559,0,0,0,5,0,26000,0,2,4.68199486,37846.16667,747,6.19875
559,560,1,1,0,2,1,17000,0,3,3.96172167,26982.33333,641,8.568333333
560,561,0,0,1,3,0,20000,0,1,3.38752413,16516.83333,719,8.589166667
561,562,1,1,0,3,0,15000,0,3,3.22742853,30804.0,661,8.431666667
562,563,0,1,0,5,1,19000,0,1,3.22742853,30804.0,618,8.431666667
563,564,0,0,1,4,0,29000,1,1,4.78069453,36109.5,656,6.61
564,565,1,0,0,3,1,40000,1,3,4.86656602,37332.5,749,7.508333333
565,566,1,1,1,4,1,17000,0,3,4.88226702,41912.16667,783,5.567416667
566,567,0,1,0,4,1,31000,0,2,5.36220735,35583.16667,616,6.431666667
567,568,0,0,1,5,1,33000,1,2,3.38752413,16516.83333,612,8.589166667
568,569,1,1,1,5,1,16000,0,3,3.71008358,27256.0,712,7.8225
569,570,0,0,1,5,1,16000,1,1,4.06666964,29309.33333,732,7.521666667
570,571,0,0,1,3,0,16000,0,2,3.84357001,24066.16667,735,7.715833333
571,572,1,1,0,3,1,20000,0,3,5.23935845,44437.16667,667,5.881666667
572,573,0,1,1,3,1,19000,0,1,5.77682986,27335.5,791,8.079916667
573,574,1,0,1,5,0,38000,1,3,4.06666964,29309.33333,622,7.521666667
574,575,1,1,1,3,1,18000,0,4,3.96172167,26982.33333,609,8.568333333
575,576,1,0,0,5,0,22000,0,4,4.06666964,29309.33333,609,7.521666667
576,577,0,1,1,4,0,23000,0,1,5.05485168,37846.16667,800,6.19875
577,578,1,1,1,5,1,17000,1,3,3.71008358,27256.0,641,7.8225
578,579,1,1,0,5,0,28000,0,3,3.58429637,13227.5,730,10.07416667
579,580,0,0,0,3,1,23000,0,1,4.3,44555.83333,738,5.981666667
580,581,1,1,1,3,1,27000,1,4,4.26439053,21536.0,621,8.66
581,582,1,0,1,5,0,33000,1,3,3.70537487,30373.83333,764,7.9825
582,583,1,1,1,4,0,15000,0,3,2.93965649,19520.66667,701,8.896666667
583,584,0,1,0,4,1,22000,0,2,5.35522049,30100.5,696,7.96275
584,585,1,1,1,4,0,17000,1,3,3.14890585,30115.33333,791,7.608333333
585,586,0,0,1,5,1,23000,0,3,3.78502178,30804.0,620,8.431666667
586,587,0,0,1,5,0,29000,0,2,5.11135844,32304.66667,603,7.193916667
587,588,1,0,0,3,1,30000,1,3,5.22030741,36600.0,709,7.11
588,589,1,1,0,5,1,33000,1,3,4.98532915,40216.83333,682,5.3995
589,590,1,1,1,4,0,16000,1,4,4.58965589,41661.66667,761,6.199
590,591,1,0,1,5,1,22000,0,4,4.68199486,37846.16667,758,6.19875
591,592,0,1,0,3,1,26000,0,1,5.14091293,40243.16667,641,6.096666667
592,593,0,0,0,5,1,30000,1,2,4.15050313,42857.16667,696,5.604166667
593,594,1,1,1,3,1,33000,0,4,5.4584248,32076.33333,617,6.318333333
594,595,1,1,0,5,1,35000,1,4,2.93965649,19520.66667,631,8.896666667
595,596,1,0,0,3,1,25000,0,4,4.8864339,40418.0,706,6.365083333
596,597,1,1,1,4,1,35000,1,3,3.44487597,24066.16667,766,7.715833333
597,598,0,0,0,4,1,21000,0,1,4.2,43587.5,689,6.165
598,599,1,0,1,4,1,20000,0,4,5.83158683,35583.16667,776,6.431666667
599,600,1,1,0,3,0,15000,0,2,5.24425019,36600.0,664,7.11
600,601,0,1,0,3,1,36000,1,2,3.31364755,30373.83333,695,7.9825
601,602,1,1,1,3,1,40000,1,2,4.88226702,41912.16667,712,5.567416667
602,603,1,1,0,5,1,15000,0,4,5.23935845,44437.16667,612,5.881666667
603,604,0,1,1,5,1,25000,0,1,4.90678778,44426.0,723,5.095083333
604,605,1,1,0,5,1,36000,1,4,5.59830462,36109.5,753,6.61
605,606,0,1,1,3,0,22000,0,2,5.05485168,37846.16667,788,6.19875
606,607,0,0,0,4,1,34000,1,1,4.2,43587.5,709,6.165
607,608,1,1,1,3,0,15000,1,4,2.96690257,16516.83333,735,8.589166667
608,609,0,1,0,4,0,21000,0,2,3.41905047,12789.0,603,9.910833333
609,610,1,1,1,4,1,17000,1,4,5.05485168,37846.16667,600,6.19875
610,611,1,1,0,4,1,37000,1,2,3.4686843,14487.16667,724,8.983333333
611,612,1,0,0,4,0,19000,0,3,4.82778981,41229.83333,709,5.91
612,613,0,1,1,3,0,19000,0,2,5.35522049,30100.5,725,7.96275
613,614,1,1,1,2,0,17000,1,4,4.75727494,40418.0,609,6.365083333
614,615,0,0,0,3,1,19000,0,3,5.1950095,31577.33333,609,7.701083333
615,616,1,0,0,4,1,22000,0,4,3.63669268,30115.33333,622,7.608333333
616,617,0,1,1,3,1,25000,0,2,4.94709939,36093.16667,766,6.358333333
617,618,0,1,0,3,0,34000,1,1,4.75727494,40418.0,743,6.365083333
618,619,1,1,0,4,0,36000,1,4,5.02379729,42063.16667,752,5.414833333
619,620,0,0,0,5,1,20000,0,3,3.70537487,30373.83333,746,7.9825
620,621,0,1,0,5,0,20000,0,1,4.78107286,39064.0,710,5.945
621,622,1,1,1,5,1,18000,0,3,3.44487597,24066.16667,777,7.715833333
622,623,0,1,1,5,1,26000,1,1,3.58429637,13227.5,757,10.07416667
623,624,1,0,0,5,1,32000,0,4,4.53300508,44425.83333,613,5.8425
624,625,1,1,1,5,0,32000,0,4,3.31364755,30373.83333,769,7.9825
625,626,1,1,1,4,1,23000,0,4,5.02379729,42063.16667,639,5.414833333
626,627,0,0,0,5,1,33000,1,2,5.22030741,36600.0,672,7.11
627,628,0,1,0,5,0,24000,0,2,3.22742853,30804.0,653,8.431666667
628,629,0,1,0,3,0,25000,0,2,5.05485168,37846.16667,679,6.19875
629,630,1,1,1,3,0,16000,1,2,4.90678778,44426.0,645,5.095083333
630,631,1,1,1,4,1,19000,0,3,5.19011599,32304.66667,669,7.193916667
631,632,1,0,0,5,1,36000,1,4,4.32400469,14487.16667,632,8.983333333
632,633,0,1,1,4,1,25000,1,2,4.28381716,42857.16667,603,5.604166667
633,634,0,1,0,4,1,31000,0,2,4.6,44100.16667,607,6.0575
634,635,0,1,0,4,0,19000,0,2,2.93965649,19520.66667,738,8.896666667
635,636,0,0,0,3,0,21000,0,2,4.72142055,22755.0,620,7.940833333
636,637,1,1,0,4,1,27000,1,4,3.22742853,30804.0,690,8.431666667
637,638,1,1,0,3,1,29000,0,3,4.92918489,41229.83333,734,5.91
638,639,0,0,0,4,0,16000,0,1,4.15050313,42857.16667,759,5.604166667
639,640,1,0,1,4,0,18000,0,4,4.94922646,19439.0,752,8.024166667
640,641,0,0,0,3,0,24000,0,2,4.04175506,21536.0,748,8.66
641,642,0,1,0,4,0,37000,1,1,4.2,43587.5,689,6.165
642,643,1,1,0,3,0,16000,1,3,5.36220735,35583.16667,719,6.431666667
643,644,0,0,0,4,1,16000,0,2,3.78502178,30804.0,713,8.431666667
644,645,0,1,1,3,0,18000,0,2,5.0356035,19439.0,603,8.024166667
645,646,0,1,1,3,0,23000,0,3,2.96690257,16516.83333,753,8.589166667
646,647,0,1,1,5,0,23000,0,1,5.35396094,31577.33333,756,7.701083333
647,648,0,1,0,3,1,32000,0,1,3.44487597,24066.16667,770,7.715833333
648,649,1,1,1,3,1,18000,0,4,4.78107286,39064.0,761,5.945
649,650,1,0,0,5,1,35000,1,4,3.63669268,30115.33333,647,7.608333333
650,651,1,1,1,3,1,25000,0,4,5.35396094,31577.33333,725,7.701083333
651,652,0,1,1,3,1,35000,1,1,5.0356035,19439.0,666,8.024166667
652,653,0,1,0,4,0,23000,0,2,3.14890585,30115.33333,601,7.608333333
653,654,1,1,0,4,0,27000,1,4,3.22742853,30804.0,652,8.431666667
654,655,1,0,0,4,1,25000,0,4,4.6,44100.16667,677,6.0575
655,656,0,1,1,5,1,27000,1,1,4.94709939,36093.16667,637,6.358333333
656,657,0,0,0,5,0,31000,0,3,5.22030741,36600.0,680,7.11
657,658,0,0,0,3,0,19000,0,1,4.15050313,42857.16667,753,5.604166667
658,659,0,0,0,5,1,20000,0,1,3.63669268,30115.33333,760,7.608333333
659,660,1,1,0,5,1,23000,0,2,4.90678778,44426.0,724,5.095083333
660,661,0,1,0,5,1,36000,1,1,5.4584248,32076.33333,602,6.318333333
661,662,0,1,0,3,0,21000,0,2,4.90678778,44426.0,790,5.095083333
662,663,1,1,0,5,0,16000,0,3,4.2,43587.5,691,6.165
663,664,0,1,0,5,1,36000,1,1,5.35396094,31577.33333,754,7.701083333
664,665,1,1,0,2,1,15000,1,2,3.66114181,20563.0,712,8.315833333
665,666,0,1,1,4,0,19000,0,1,3.71008358,27256.0,723,7.8225
666,667,0,1,1,5,0,25000,0,1,5.02379729,42063.16667,656,5.414833333
667,668,0,0,0,3,1,38000,1,2,4.82778981,41229.83333,612,5.91
668,669,1,1,0,3,1,32000,0,3,5.32080167,37332.5,756,7.508333333
669,670,0,0,0,4,1,22000,0,2,5.74138196,32076.33333,688,6.318333333
670,671,0,0,0,4,1,34000,1,1,3.46916133,19520.66667,698,8.896666667
671,672,0,1,0,4,1,36000,1,2,3.66114181,20563.0,672,8.315833333
672,673,1,0,0,3,1,37000,1,3,3.70537487,30373.83333,784,7.9825
673,674,1,1,1,4,0,39000,1,4,4.29406689,44425.83333,702,5.8425
674,675,1,1,0,4,1,18000,0,4,4.75727494,40418.0,615,6.365083333
675,676,0,1,0,3,0,16000,0,1,3.4686843,14487.16667,610,8.983333333
676,677,1,1,0,3,1,27000,1,2,5.77682986,27335.5,676,8.079916667
677,678,1,1,1,3,1,22000,0,4,4.92918489,41229.83333,762,5.91
678,679,0,1,0,4,0,34000,1,2,5.05485168,37846.16667,797,6.19875
679,680,1,0,0,3,1,35000,1,4,4.98618179,42063.16667,637,5.414833333
680,681,1,0,0,5,0,36000,1,3,5.39200968,40243.16667,763,6.096666667
681,682,1,0,1,4,1,18000,0,4,4.87568406,44426.0,660,5.095083333
682,683,0,1,0,5,0,20000,0,1,4.29406689,44425.83333,699,5.8425
683,684,1,0,0,5,1,27000,1,4,5.22030741,36600.0,713,7.11
684,685,1,0,1,2,0,15000,0,4,4.3801824,30573.16667,622,7.733416667
685,686,0,0,0,5,1,18000,0,2,4.8864339,40418.0,685,6.365083333
686,687,0,0,0,5,1,23000,0,2,4.3801824,30573.16667,768,7.733416667
687,688,0,1,0,5,1,24000,0,1,4.90678778,44426.0,795,5.095083333
688,689,0,1,0,3,0,22000,0,1,4.29406689,44425.83333,776,5.8425
689,690,0,0,0,4,1,26000,0,2,4.83260494,41912.16667,743,5.567416667
690,691,1,0,0,4,1,38000,1,3,3.46916133,19520.66667,737,8.896666667
691,692,0,0,1,1,1,18000,0,1,3.46916133,19520.66667,744,8.896666667
692,693,0,1,1,3,0,18000,0,1,3.66114181,20563.0,668,8.315833333
693,694,1,1,0,4,1,30000,0,4,5.4584248,32076.33333,680,6.318333333
694,695,0,1,0,4,1,36000,1,1,5.32080167,37332.5,661,7.508333333
695,696,0,1,0,5,1,15000,0,2,5.02379729,42063.16667,741,5.414833333
696,697,1,0,1,4,1,15000,0,4,4.98618179,42063.16667,756,5.414833333
697,698,0,0,1,3,0,17000,0,1,5.83158683,35583.16667,770,6.431666667
698,699,1,1,1,3,1,15000,0,3,5.14091293,40243.16667,699,6.096666667
699,700,1,0,1,3,1,20000,0,4,3.59050539,12789.0,783,9.910833333
700,701,1,1,0,5,0,16000,1,4,5.59830462,36109.5,621,6.61
701,702,1,1,0,5,0,18000,1,2,4.28381716,42857.16667,753,5.604166667
702,703,1,1,1,5,1,20000,0,4,3.96172167,26982.33333,709,8.568333333
703,704,0,0,1,4,1,35000,1,1,6.74115103,27335.5,748,8.079916667
704,705,1,0,0,4,0,40000,1,3,3.59050539,12789.0,637,9.910833333
705,706,0,0,0,5,1,32000,0,1,5.22030741,36600.0,783,7.11
706,707,0,1,1,4,1,26000,1,1,5.24425019,36600.0,651,7.11
707,708,1,1,0,5,1,34000,1,3,5.4584248,32076.33333,782,6.318333333
708,709,0,1,0,3,0,15000,0,1,3.14890585,30115.33333,698,7.608333333
709,710,1,1,1,4,1,16000,0,3,5.19011599,32304.66667,623,7.193916667
710,711,1,1,0,5,0,24000,0,4,5.36220735,35583.16667,772,6.431666667
711,712,0,1,1,4,1,20000,0,1,4.75727494,40418.0,759,6.365083333
712,713,1,1,0,4,1,27000,0,3,4.94709939,36093.16667,745,6.358333333
713,714,0,1,1,4,0,34000,1,1,3.31364755,30373.83333,745,7.9825
714,715,1,1,1,3,1,35000,1,4,4.94709939,36093.16667,650,6.358333333
715,716,0,0,1,3,0,20000,0,2,4.32400469,14487.16667,642,8.983333333
716,717,0,1,0,5,0,39000,1,3,3.76339417,29309.33333,640,7.521666667
717,718,0,1,0,4,1,17000,1,1,5.77682986,27335.5,651,8.079916667
718,719,0,0,0,4,1,23000,0,1,4.94922646,19439.0,732,8.024166667
719,720,0,0,0,5,1,25000,0,2,4.53300508,44425.83333,656,5.8425
720,721,1,1,1,5,0,16000,0,4,5.02379729,42063.16667,689,5.414833333
721,722,1,0,0,4,1,28000,0,4,4.87568406,44426.0,702,5.095083333
722,723,1,0,0,4,1,38000,1,4,5.22030741,36600.0,652,7.11
723,724,0,0,1,3,0,18000,0,1,4.53300508,44425.83333,789,5.8425
724,725,1,1,1,4,1,35000,1,3,5.35396094,31577.33333,611,7.701083333
725,726,0,0,0,3,1,40000,1,3,3.46916133,19520.66667,699,8.896666667
726,727,0,0,1,5,1,15000,0,2,5.83158683,35583.16667,738,6.431666667
727,728,1,1,1,5,1,17000,1,4,3.46001951,18716.66667,784,8.200833333
728,729,0,1,1,3,1,19000,0,1,4.75727494,40418.0,720,6.365083333
729,730,1,1,0,1,0,19000,0,4,5.35396094,31577.33333,695,7.701083333
730,731,0,0,0,5,0,27000,0,1,4.54175572,20563.0,600,8.315833333
731,732,0,1,1,3,0,28000,0,2,5.35522049,30100.5,726,7.96275
732,733,0,0,0,4,1,39000,1,1,5.74138196,32076.33333,756,6.318333333
733,734,1,1,1,3,0,16000,1,3,3.4686843,14487.16667,734,8.983333333
734,735,1,1,0,5,0,16000,0,3,4.28381716,42857.16667,708,5.604166667
735,736,1,1,0,3,0,27000,0,4,5.14091293,40243.16667,735,6.096666667
736,737,1,1,0,3,1,29000,1,2,5.14091293,40243.16667,701,6.096666667
737,738,1,0,1,3,1,16000,1,4,4.78069453,36109.5,682,6.61
738,739,1,1,0,4,1,20000,0,3,3.96172167,26982.33333,658,8.568333333
739,740,0,1,1,3,0,22000,0,1,5.34449117,22755.0,728,7.940833333
740,741,0,1,1,4,1,20000,0,2,4.78107286,39064.0,775,5.945
741,742,0,1,1,4,1,28000,0,1,3.14890585,30115.33333,617,7.608333333
742,743,1,0,0,5,0,17000,1,4,4.68199486,37846.16667,724,6.19875
743,744,1,1,0,4,0,40000,1,3,4.75727494,40418.0,640,6.365083333
744,745,0,1,1,5,0,20000,0,1,3.76339417,29309.33333,632,7.521666667
745,746,0,0,0,3,1,34000,1,1,4.70796553,36093.16667,647,6.358333333
746,747,0,1,0,5,1,38000,1,3,3.96172167,26982.33333,666,8.568333333
747,748,1,1,0,4,1,21000,0,3,5.36220735,35583.16667,690,6.431666667
748,749,0,0,0,4,1,34000,1,1,4.72142055,22755.0,777,7.940833333
749,750,0,1,0,5,0,20000,0,1,3.44487597,24066.16667,622,7.715833333
750,751,0,1,1,5,0,29000,1,1,4.2,43587.5,660,6.165
751,752,1,1,0,4,1,15000,0,3,4.94709939,36093.16667,756,6.358333333
752,753,1,1,1,3,0,15000,0,3,5.36220735,35583.16667,615,6.431666667
753,754,0,1,1,5,0,19000,0,1,4.3,44555.83333,710,5.981666667
754,755,1,1,0,5,0,16000,1,3,3.66114181,20563.0,792,8.315833333
755,756,0,1,1,4,1,18000,1,1,5.0356035,19439.0,643,8.024166667
756,757,0,1,0,3,1,30000,1,2,5.34449117,22755.0,787,7.940833333
757,758,0,0,0,4,1,32000,0,3,4.69723033,41661.66667,607,6.199
758,759,0,1,0,5,1,35000,1,2,3.66114181,20563.0,726,8.315833333
759,760,0,0,0,5,0,40000,1,2,4.98618179,42063.16667,732,5.414833333
760,761,1,1,0,4,0,40000,1,4,3.41905047,12789.0,730,9.910833333
761,762,1,1,0,4,0,15000,0,4,5.59830462,36109.5,778,6.61
762,763,0,0,1,4,0,16000,0,1,3.70537487,30373.83333,625,7.9825
763,764,1,1,0,5,1,20000,0,3,4.26439053,21536.0,624,8.66
764,765,1,1,0,3,0,22000,0,4,4.94709939,36093.16667,788,6.358333333
765,766,0,0,1,5,1,34000,1,2,4.70796553,36093.16667,613,6.358333333
766,767,1,1,0,5,1,37000,1,3,3.52061247,30573.16667,706,7.733416667
767,768,1,1,0,3,1,17000,0,4,3.66114181,20563.0,730,8.315833333
768,769,0,1,0,4,1,31000,0,2,4.29406689,44425.83333,758,5.8425
769,770,1,1,1,3,1,18000,0,3,3.31364755,30373.83333,664,7.9825
770,771,0,0,1,4,0,29000,0,2,3.46916133,19520.66667,716,8.896666667
771,772,0,0,1,3,0,20000,0,3,4.87568406,44426.0,746,5.095083333
772,773,0,0,0,4,1,26000,1,3,4.98618179,42063.16667,712,5.414833333
773,774,1,1,1,5,1,33000,1,4,3.52061247,30573.16667,617,7.733416667
774,775,0,0,1,4,1,32000,0,1,4.87568406,44426.0,710,5.095083333
775,776,0,1,0,5,0,32000,0,1,4.28381716,42857.16667,628,5.604166667
776,777,0,1,1,5,1,38000,1,2,4.98532915,40216.83333,695,5.3995
777,778,0,0,0,4,1,22000,0,1,5.74138196,32076.33333,753,6.318333333
778,779,1,0,1,5,1,39000,1,3,5.03775575,30100.5,624,7.96275
779,780,1,0,0,3,1,20000,0,4,3.63669268,30115.33333,791,7.608333333
780,781,1,0,0,5,1,25000,0,3,3.78502178,30804.0,794,8.431666667
781,782,1,1,0,5,1,25000,0,4,4.92918489,41229.83333,653,5.91
782,783,0,0,0,5,1,34000,1,1,4.34354688,27256.0,604,7.8225
783,784,1,1,1,4,1,16000,1,4,5.23935845,44437.16667,755,5.881666667
784,785,0,0,1,4,1,23000,0,2,4.83260494,41912.16667,654,5.567416667
785,786,0,1,0,5,1,29000,0,1,5.0356035,19439.0,784,8.024166667
786,787,1,1,0,5,1,15000,0,3,5.0356035,19439.0,699,8.024166667
787,788,1,0,0,2,1,17000,1,3,3.59050539,12789.0,753,9.910833333
788,789,0,0,0,5,0,31000,0,2,5.83158683,35583.16667,636,6.431666667
789,790,1,1,1,4,1,40000,1,4,4.78107286,39064.0,711,5.945
790,791,1,0,1,3,1,40000,1,4,4.98618179,42063.16667,761,5.414833333
791,792,0,0,0,3,1,17000,0,3,4.53300508,44425.83333,676,5.8425
792,793,0,1,1,3,0,25000,0,1,5.19011599,32304.66667,767,7.193916667
793,794,0,1,1,5,0,40000,1,1,5.34449117,22755.0,683,7.940833333
794,795,1,1,1,3,1,18000,0,3,4.94709939,36093.16667,620,6.358333333
795,796,1,1,0,4,0,34000,1,4,4.78107286,39064.0,665,5.945
796,797,1,1,0,3,0,22000,0,4,4.75727494,40418.0,644,6.365083333
797,798,0,0,0,4,0,29000,1,2,3.63669268,30115.33333,788,7.608333333
798,799,0,0,0,3,1,31000,0,1,3.46916133,19520.66667,729,8.896666667
799,800,0,0,0,4,0,39000,1,2,3.46916133,19520.66667,719,8.896666667
800,801,1,0,1,3,1,17000,1,3,3.46916133,19520.66667,695,8.896666667
801,802,1,1,1,4,0,22000,0,3,5.77682986,27335.5,608,8.079916667
802,803,1,1,1,5,1,18000,0,4,4.3,44555.83333,735,5.981666667
803,804,0,0,0,5,1,23000,0,2,4.06666964,29309.33333,653,7.521666667
804,805,0,1,1,5,0,39000,1,1,5.4584248,32076.33333,794,6.318333333
805,806,1,1,0,5,0,16000,0,3,3.4686843,14487.16667,796,8.983333333
806,807,1,1,0,4,1,39000,1,3,5.77682986,27335.5,718,8.079916667
807,808,0,1,0,4,0,23000,0,1,5.35396094,31577.33333,690,7.701083333
808,809,0,1,1,5,0,20000,0,2,5.35396094,31577.33333,735,7.701083333
809,810,0,0,0,3,1,16000,1,1,4.94922646,19439.0,798,8.024166667
810,811,0,1,1,1,0,16000,1,1,4.58965589,41661.66667,672,6.199
811,812,0,0,1,4,0,21000,0,1,4.3801824,30573.16667,794,7.733416667
812,813,0,1,1,3,1,25000,0,2,5.35522049,30100.5,726,7.96275
813,814,0,0,0,5,1,33000,0,1,5.22030741,36600.0,629,7.11
814,815,1,0,1,4,0,25000,0,3,4.94922646,19439.0,688,8.024166667
815,816,0,0,1,4,0,26000,1,2,3.78502178,30804.0,636,8.431666667
816,817,1,1,1,3,1,27000,1,3,4.3,44555.83333,663,5.981666667
817,818,0,1,0,3,1,40000,1,2,4.3,44555.83333,662,5.981666667
818,819,1,0,1,5,0,18000,0,4,4.3,44555.83333,676,5.981666667
819,820,1,0,0,3,1,16000,0,4,5.22030741,36600.0,673,7.11
820,821,1,1,0,4,0,17000,0,4,4.88226702,41912.16667,789,5.567416667
821,822,1,1,0,3,1,19000,0,3,3.71008358,27256.0,720,7.8225
822,823,0,0,0,4,0,30000,0,1,4.72142055,22755.0,622,7.940833333
823,824,0,1,0,4,1,34000,1,1,5.34449117,22755.0,783,7.940833333
824,825,1,1,0,4,1,26000,0,3,4.26439053,21536.0,733,8.66
825,826,0,0,1,4,0,40000,1,2,4.69723033,41661.66667,740,6.199
826,827,1,1,1,4,0,15000,0,4,5.19011599,32304.66667,654,7.193916667
827,828,0,0,0,5,1,18000,0,1,4.53300508,44425.83333,611,5.8425
828,829,0,1,1,4,0,19000,0,1,3.76339417,29309.33333,785,7.521666667
829,830,0,1,0,3,0,18000,0,1,4.75727494,40418.0,776,6.365083333
830,831,0,1,0,5,1,33000,1,1,5.32080167,37332.5,747,7.508333333
831,832,1,1,1,4,1,30000,0,3,3.41905047,12789.0,734,9.910833333
832,833,1,1,1,3,1,16000,1,2,4.29406689,44425.83333,760,5.8425
833,834,0,1,0,5,1,34000,1,1,5.14091293,40243.16667,656,6.096666667
834,835,1,1,0,3,0,27000,1,2,3.58429637,13227.5,749,10.07416667
835,836,0,0,1,5,0,19000,0,3,4.98618179,42063.16667,728,5.414833333
836,837,0,0,1,3,1,21000,0,1,5.39200968,40243.16667,638,6.096666667
837,838,1,1,0,3,0,26000,1,4,3.71008358,27256.0,659,7.8225
838,839,1,0,0,5,0,35000,1,4,5.25041296,44437.16667,721,5.881666667
839,840,0,1,0,3,1,40000,1,1,5.0356035,19439.0,611,8.024166667
840,841,0,0,0,3,0,15000,0,1,6.74115103,27335.5,608,8.079916667
841,842,0,0,1,4,0,20000,0,2,3.84357001,24066.16667,784,7.715833333
842,843,0,1,1,5,0,27000,0,1,4.29406689,44425.83333,772,5.8425
843,844,0,1,0,3,0,37000,1,1,4.88226702,41912.16667,783,5.567416667
844,845,0,1,1,4,0,40000,1,1,4.92918489,41229.83333,634,5.91
845,846,1,1,1,4,1,20000,0,4,5.24425019,36600.0,788,7.11
846,847,0,0,1,5,0,21000,0,2,5.1950095,31577.33333,745,7.701083333
847,848,1,1,1,4,1,23000,0,4,3.52061247,30573.16667,759,7.733416667
848,849,1,1,0,3,1,36000,1,4,3.14890585,30115.33333,748,7.608333333
849,850,1,1,1,3,1,39000,1,4,2.96690257,16516.83333,731,8.589166667
850,851,0,1,0,4,0,29000,0,2,3.58429637,13227.5,623,10.07416667
851,852,1,0,1,3,1,15000,0,4,4.87568406,44426.0,611,5.095083333
852,853,0,1,1,3,1,31000,0,2,4.90678778,44426.0,629,5.095083333
853,854,0,0,0,5,1,39000,1,2,5.25041296,44437.16667,642,5.881666667
854,855,1,1,1,3,0,33000,1,3,4.2,43587.5,607,6.165
855,856,1,1,0,4,1,17000,0,4,4.98532915,40216.83333,611,5.3995
856,857,0,1,1,4,1,15000,0,2,4.98532915,40216.83333,699,5.3995
857,858,0,0,1,4,1,17000,0,3,4.86656602,37332.5,620,7.508333333
858,859,1,1,1,4,0,22000,0,4,4.28381716,42857.16667,783,5.604166667
859,860,0,1,0,4,1,33000,1,2,4.75727494,40418.0,662,6.365083333
860,861,0,1,0,3,1,21000,0,2,2.93965649,19520.66667,733,8.896666667
861,862,0,0,1,3,0,39000,1,2,4.04175506,21536.0,654,8.66
862,863,0,0,1,4,1,27000,1,1,5.25041296,44437.16667,614,5.881666667
863,864,0,0,0,4,0,34000,1,2,3.63669268,30115.33333,734,7.608333333
864,865,0,1,0,5,0,40000,1,2,4.29406689,44425.83333,624,5.8425
865,866,1,1,0,3,0,20000,0,4,4.29406689,44425.83333,785,5.8425
866,867,0,0,0,4,1,23000,0,1,4.32400469,14487.16667,798,8.983333333
867,868,1,1,0,5,0,15000,0,3,5.4584248,32076.33333,793,6.318333333
868,869,1,0,0,3,0,17000,1,3,3.78502178,30804.0,737,8.431666667
869,870,1,0,1,3,1,19000,0,4,3.84357001,24066.16667,728,7.715833333
870,871,0,1,1,5,1,32000,0,2,3.22742853,30804.0,671,8.431666667
871,872,0,0,1,4,1,36000,1,2,3.70537487,30373.83333,741,7.9825
872,873,0,0,1,5,0,25000,0,1,4.6,44100.16667,694,6.0575
873,874,0,0,0,4,1,29000,1,1,5.22030741,36600.0,644,7.11
874,875,0,0,0,3,1,35000,1,1,3.84357001,24066.16667,791,7.715833333
875,876,1,0,0,3,0,21000,0,4,4.8864339,40418.0,644,6.365083333
876,877,1,1,0,4,1,29000,0,4,5.59830462,36109.5,753,6.61
877,878,0,0,0,3,0,16000,1,1,4.98618179,42063.16667,620,5.414833333
878,879,0,1,1,5,0,34000,1,1,3.71008358,27256.0,612,7.8225
879,880,1,0,1,1,1,19000,0,3,4.94922646,19439.0,664,8.024166667
880,881,0,1,0,5,0,31000,0,3,5.59830462,36109.5,784,6.61
881,882,0,0,0,4,0,18000,1,2,5.11135844,32304.66667,653,7.193916667
882,883,0,1,0,4,1,40000,1,2,4.58965589,41661.66667,725,6.199
883,884,1,1,0,5,0,15000,0,4,3.31364755,30373.83333,672,7.9825
884,885,1,0,0,4,1,20000,0,3,5.1950095,31577.33333,652,7.701083333
885,886,0,0,0,5,0,20000,0,3,4.38253338,26982.33333,674,8.568333333
886,887,0,1,0,4,1,25000,0,2,3.58429637,13227.5,708,10.07416667
887,888,1,1,1,5,0,19000,0,3,3.46001951,18716.66667,775,8.200833333
888,889,0,1,1,5,1,39000,1,1,3.31364755,30373.83333,637,7.9825
889,890,1,1,1,5,1,18000,0,3,4.98532915,40216.83333,777,5.3995
890,891,0,0,1,4,1,25000,0,2,4.78069453,36109.5,645,6.61
891,892,0,0,1,4,1,18000,0,1,3.63669268,30115.33333,647,7.608333333
892,893,0,0,1,3,1,33000,1,2,5.74138196,32076.33333,734,6.318333333
893,894,1,0,1,4,0,16000,1,3,3.38752413,16516.83333,709,8.589166667
894,895,1,1,1,4,0,17000,1,3,3.66114181,20563.0,640,8.315833333
895,896,1,0,0,5,1,15000,0,4,4.94922646,19439.0,609,8.024166667
896,897,0,1,1,4,1,15000,0,1,2.96690257,16516.83333,612,8.589166667
897,898,1,1,1,5,1,17000,0,4,4.3,44555.83333,777,5.981666667
898,899,1,1,0,5,1,19000,0,3,4.98532915,40216.83333,693,5.3995
899,900,1,1,1,1,0,15000,1,4,2.93965649,19520.66667,693,8.896666667
900,901,0,1,1,4,1,38000,1,2,5.23935845,44437.16667,658,5.881666667
901,902,1,1,0,3,1,28000,1,4,3.71008358,27256.0,719,7.8225
902,903,1,1,0,4,0,38000,1,3,5.23935845,44437.16667,608,5.881666667
903,904,0,1,0,4,0,23000,0,2,5.35396094,31577.33333,715,7.701083333
904,905,0,1,1,4,1,23000,0,1,4.75727494,40418.0,688,6.365083333
905,906,1,1,1,4,1,18000,0,4,3.58429637,13227.5,623,10.07416667
906,907,0,1,1,5,0,15000,0,1,4.90678778,44426.0,732,5.095083333
907,908,1,0,0,5,1,18000,0,4,5.1950095,31577.33333,601,7.701083333
908,909,0,0,1,3,1,24000,0,1,4.69723033,41661.66667,746,6.199
909,910,0,1,0,5,0,33000,1,2,4.3,44555.83333,678,5.981666667
910,911,0,1,0,5,1,21000,0,2,3.66114181,20563.0,665,8.315833333
911,912,0,1,0,5,1,36000,1,1,5.0356035,19439.0,651,8.024166667
912,913,0,0,1,3,0,19000,0,1,4.31879538,13227.5,641,10.07416667
913,914,0,0,0,3,0,27000,0,1,4.53300508,44425.83333,776,5.8425
914,915,0,0,0,5,1,36000,1,2,5.03775575,30100.5,602,7.96275
915,916,0,1,0,4,0,37000,1,1,4.58965589,41661.66667,745,6.199
916,917,1,1,1,3,1,38000,1,3,4.29406689,44425.83333,764,5.8425
917,918,1,0,1,3,0,20000,0,4,4.70796553,36093.16667,676,6.358333333
918,919,1,1,1,5,1,40000,1,4,5.35396094,31577.33333,637,7.701083333
919,920,0,1,0,5,0,19000,0,2,4.88226702,41912.16667,766,5.567416667
920,921,1,1,0,3,0,23000,0,4,4.2,43587.5,639,6.165
921,922,1,0,0,4,0,27000,0,4,3.70537487,30373.83333,663,7.9825
922,923,1,1,0,4,1,34000,1,3,5.35396094,31577.33333,623,7.701083333
923,924,1,1,0,5,1,17000,0,3,3.96172167,26982.33333,692,8.568333333
924,925,0,0,1,4,1,19000,0,3,3.84357001,24066.16667,726,7.715833333
925,926,1,0,0,5,1,33000,1,4,3.46916133,19520.66667,799,8.896666667
926,927,0,0,1,5,0,16000,0,3,5.1950095,31577.33333,631,7.701083333
927,928,1,1,1,4,1,17000,1,4,4.92918489,41229.83333,772,5.91
928,929,0,0,1,4,1,20000,0,1,3.65529884,18716.66667,747,8.200833333
929,930,1,0,1,3,1,30000,1,3,4.87568406,44426.0,676,5.095083333
930,931,0,0,0,5,0,34000,1,1,5.83158683,35583.16667,638,6.431666667
931,932,0,0,1,4,0,18000,0,3,4.3801824,30573.16667,751,7.733416667
932,933,1,0,0,3,0,17000,1,4,4.15050313,42857.16667,744,5.604166667
933,934,0,1,1,4,0,18000,1,1,2.96690257,16516.83333,621,8.589166667
934,935,1,0,0,3,1,18000,0,3,3.84357001,24066.16667,611,7.715833333
935,936,1,1,1,4,1,33000,0,3,4.6,44100.16667,718,6.0575
936,937,1,1,0,4,0,37000,1,3,4.2,43587.5,618,6.165
937,938,0,1,0,3,1,39000,1,1,3.76339417,29309.33333,762,7.521666667
938,939,0,1,1,4,0,19000,0,3,3.44487597,24066.16667,703,7.715833333
939,940,0,0,0,4,0,22000,0,2,5.11135844,32304.66667,734,7.193916667
940,941,1,1,0,4,0,27000,0,4,5.35522049,30100.5,608,7.96275
941,942,0,0,0,4,0,28000,0,2,5.83158683,35583.16667,625,6.431666667
942,943,1,1,0,4,1,19000,0,4,5.0356035,19439.0,761,8.024166667
943,944,1,0,1,3,1,23000,0,4,4.32400469,14487.16667,732,8.983333333
944,945,0,1,1,3,0,22000,0,2,3.66114181,20563.0,734,8.315833333
945,946,1,1,0,5,0,24000,0,4,4.2,43587.5,789,6.165
946,947,1,1,0,5,0,33000,1,3,2.96690257,16516.83333,771,8.589166667
947,948,1,1,1,3,1,40000,1,4,3.58429637,13227.5,763,10.07416667
948,949,0,1,1,5,0,19000,0,1,2.93965649,19520.66667,764,8.896666667
949,950,1,1,1,3,0,19000,0,3,2.93965649,19520.66667,723,8.896666667
950,951,1,0,0,3,0,20000,0,4,5.1950095,31577.33333,730,7.701083333
951,952,0,0,0,4,0,20000,0,2,4.82778981,41229.83333,647,5.91
952,953,1,1,0,5,1,30000,0,4,4.78107286,39064.0,681,5.945
953,954,0,0,0,4,0,20000,0,3,4.3801824,30573.16667,760,7.733416667
954,955,0,0,1,4,0,29000,1,3,3.59050539,12789.0,733,9.910833333
955,956,1,1,0,3,0,27000,0,2,5.23935845,44437.16667,723,5.881666667
956,957,1,0,0,4,0,33000,1,4,4.84510369,39064.0,736,5.945
957,958,0,1,0,4,0,20000,0,1,4.6,44100.16667,753,6.0575
958,959,0,1,1,3,1,25000,0,1,4.28381716,42857.16667,673,5.604166667
959,960,0,1,1,4,1,30000,1,2,2.96690257,16516.83333,702,8.589166667
960,961,1,1,1,3,0,35000,1,3,4.26439053,21536.0,602,8.66
961,962,1,1,0,5,1,17000,1,4,4.78107286,39064.0,790,5.945
962,963,1,1,0,5,0,17000,0,2,4.88226702,41912.16667,657,5.567416667
963,964,1,1,1,3,1,19000,0,4,4.75727494,40418.0,610,6.365083333
964,965,0,1,1,3,1,15000,0,2,4.75727494,40418.0,615,6.365083333
965,966,0,0,1,3,1,15000,0,1,4.69723033,41661.66667,627,6.199
966,967,0,1,0,5,1,22000,0,1,5.35396094,31577.33333,759,7.701083333
967,968,0,0,0,4,1,27000,0,1,5.22030741,36600.0,681,7.11
968,969,0,1,1,3,1,20000,0,1,3.58429637,13227.5,636,10.07416667
969,970,0,0,0,3,1,30000,1,1,5.25041296,44437.16667,745,5.881666667
970,971,0,1,0,3,1,17000,1,1,3.71008358,27256.0,800,7.8225
971,972,0,1,0,4,1,20000,0,1,3.52061247,30573.16667,669,7.733416667
972,973,1,1,0,4,0,35000,1,4,4.94709939,36093.16667,628,6.358333333
973,974,0,1,1,3,0,15000,0,1,4.90678778,44426.0,641,5.095083333
974,975,0,0,1,4,1,31000,0,2,4.15050313,42857.16667,632,5.604166667
975,976,0,0,0,3,1,35000,1,1,4.15050313,42857.16667,628,5.604166667
976,977,1,1,1,4,0,37000,1,3,5.4584248,32076.33333,623,6.318333333
977,978,1,1,0,4,1,16000,0,3,2.96690257,16516.83333,743,8.589166667
978,979,0,0,0,3,1,39000,1,2,5.22030741,36600.0,751,7.11
979,980,0,1,0,3,1,18000,0,2,5.05485168,37846.16667,717,6.19875
980,981,0,0,0,3,1,27000,1,2,4.04175506,21536.0,625,8.66
981,982,0,1,0,5,1,17000,1,1,4.28381716,42857.16667,768,5.604166667
982,983,1,1,1,5,1,34000,1,3,2.96690257,16516.83333,793,8.589166667
983,984,0,0,1,5,1,33000,1,1,3.63669268,30115.33333,706,7.608333333
984,985,0,0,1,4,0,23000,0,1,4.54175572,20563.0,725,8.315833333
985,986,0,0,0,3,1,18000,0,1,4.68199486,37846.16667,621,6.19875
986,987,1,1,0,3,1,18000,0,2,4.58965589,41661.66667,691,6.199
987,988,0,1,0,5,1,40000,1,2,3.96172167,26982.33333,733,8.568333333
988,989,0,1,1,5,0,15000,0,2,5.02379729,42063.16667,786,5.414833333
989,990,1,0,0,5,1,19000,0,3,4.98618179,42063.16667,692,5.414833333
990,991,0,1,0,4,1,27000,1,1,5.05485168,37846.16667,733,6.19875
991,992,1,1,1,4,0,16000,1,3,4.78107286,39064.0,667,5.945
992,993,1,1,0,5,1,18000,0,4,3.76339417,29309.33333,706,7.521666667
993,994,0,1,0,1,1,18000,0,1,4.26439053,21536.0,772,8.66
994,995,1,1,1,5,1,17000,1,4,3.52061247,30573.16667,642,7.733416667
995,996,1,1,0,5,1,20000,0,3,4.2,43587.5,664,6.165
996,997,0,0,1,4,1,37000,1,1,5.11135844,32304.66667,703,7.193916667
997,998,0,1,0,3,0,22000,0,1,4.6,44100.16667,633,6.0575
998,999,0,0,0,4,1,31000,0,3,5.39200968,40243.16667,703,6.096666667
999,1000,0,1,0,3,1,37000,1,1,3.31364755,30373.83333,600,7.9825
1000,1001,0,1,1,5,1,29000,0,2,5.14091293,40243.16667,768,6.096666667
1001,1002,1,1,0,2,0,17000,1,3,5.23935845,44437.16667,714,5.881666667
1002,1003,1,1,1,5,1,19000,0,3,4.78107286,39064.0,692,5.945
1003,1004,1,1,1,3,1,32000,0,4,3.76339417,29309.33333,781,7.521666667
1004,1005,0,1,0,5,1,25000,0,1,5.19011599,32304.66667,777,7.193916667
1005,1006,1,1,1,4,0,18000,0,4,5.32080167,37332.5,796,7.508333333
1006,1007,1,0,0,5,1,21000,0,4,4.06666964,29309.33333,765,7.521666667
1007,1008,0,0,1,4,0,20000,0,3,4.38253338,26982.33333,774,8.568333333
1008,1009,1,0,1,3,1,18000,1,4,3.65529884,18716.66667,674,8.200833333
1009,1010,1,1,0,3,1,23000,0,4,3.76339417,29309.33333,703,7.521666667
1010,1011,0,0,0,3,1,31000,0,2,4.53300508,44425.83333,771,5.8425
1011,1012,0,0,0,4,1,25000,0,1,4.78069453,36109.5,632,6.61
1012,1013,1,0,0,4,0,37000,1,4,4.98618179,42063.16667,792,5.414833333
1013,1014,1,1,0,4,0,16000,0,3,5.23935845,44437.16667,650,5.881666667
1014,1015,1,1,1,5,1,20000,0,4,3.14890585,30115.33333,767,7.608333333
1015,1016,1,1,0,4,1,29000,1,4,4.92918489,41229.83333,619,5.91
1016,1017,0,0,0,3,0,37000,1,1,4.70796553,36093.16667,761,6.358333333
1017,1018,0,1,0,3,1,40000,1,1,4.6,44100.16667,753,6.0575
1018,1019,1,0,0,5,1,39000,1,3,4.84510369,39064.0,793,5.945
1019,1020,1,1,1,5,1,15000,1,4,3.96172167,26982.33333,743,8.568333333
1020,1021,1,1,1,4,1,40000,1,4,5.77682986,27335.5,697,8.079916667
1021,1022,0,0,0,3,1,33000,1,1,4.04175506,21536.0,787,8.66
1022,1023,1,1,1,4,1,15000,1,4,2.93965649,19520.66667,678,8.896666667
1023,1024,0,0,1,5,0,27000,0,1,4.3,44555.83333,728,5.981666667
1024,1025,0,1,1,4,1,20000,0,2,4.78107286,39064.0,725,5.945
1025,1026,0,0,1,3,0,21000,0,2,4.3,44555.83333,705,5.981666667
1026,1027,0,1,1,5,1,38000,1,1,4.90678778,44426.0,793,5.095083333
1027,1028,1,0,0,4,0,38000,1,3,3.65529884,18716.66667,640,8.200833333
1028,1029,0,0,0,5,1,15000,0,2,5.25041296,44437.16667,736,5.881666667
1029,1030,1,1,0,3,1,18000,0,2,3.66114181,20563.0,698,8.315833333
1030,1031,0,1,1,4,0,19000,0,2,3.96172167,26982.33333,726,8.568333333
1031,1032,0,0,1,3,1,20000,0,3,5.39200968,40243.16667,769,6.096666667
1032,1033,1,1,1,5,0,21000,0,4,5.35522049,30100.5,628,7.96275
1033,1034,1,1,1,4,0,35000,1,4,3.76339417,29309.33333,722,7.521666667
1034,1035,1,1,1,5,1,20000,0,4,4.98532915,40216.83333,688,5.3995
1035,1036,0,0,1,3,1,26000,1,2,6.74115103,27335.5,743,8.079916667
1036,1037,1,1,1,4,1,17000,1,3,4.94709939,36093.16667,770,6.358333333
1037,1038,0,0,0,4,1,22000,0,1,4.82778981,41229.83333,791,5.91
1038,1039,0,0,0,4,0,28000,1,3,5.39200968,40243.16667,724,6.096666667
1039,1040,1,1,0,4,0,17000,0,3,4.6,44100.16667,689,6.0575
1040,1041,1,1,1,4,1,17000,0,3,5.19011599,32304.66667,722,7.193916667
1041,1042,0,0,0,4,1,30000,1,2,4.78069453,36109.5,605,6.61
1042,1043,0,0,0,5,1,35000,1,3,5.74138196,32076.33333,751,6.318333333
1043,1044,1,1,0,5,0,15000,0,3,4.78107286,39064.0,681,5.945
1044,1045,1,1,1,4,0,17000,1,4,5.02379729,42063.16667,681,5.414833333
1045,1046,1,1,1,4,1,20000,0,4,3.14890585,30115.33333,605,7.608333333
1046,1047,1,1,0,4,0,21000,0,4,3.4686843,14487.16667,630,8.983333333
1047,1048,1,1,1,3,1,38000,1,3,4.78107286,39064.0,724,5.945
1048,1049,1,0,1,5,0,17000,1,3,3.63669268,30115.33333,681,7.608333333
1049,1050,0,0,1,5,1,17000,0,1,4.38253338,26982.33333,728,8.568333333
1050,1051,1,1,1,5,0,20000,0,4,4.78107286,39064.0,723,5.945
1051,1052,0,1,0,4,1,33000,1,1,4.94709939,36093.16667,677,6.358333333
1052,1053,0,0,0,5,0,34000,1,2,4.38253338,26982.33333,639,8.568333333
1053,1054,1,1,1,3,1,15000,0,2,5.4584248,32076.33333,628,6.318333333
1054,1055,1,1,0,4,1,16000,0,2,4.90678778,44426.0,732,5.095083333
1055,1056,1,1,0,4,1,18000,0,4,4.29406689,44425.83333,611,5.8425
1056,1057,0,0,1,4,0,16000,0,3,5.39200968,40243.16667,792,6.096666667
1057,1058,1,1,1,4,0,20000,0,3,3.41905047,12789.0,635,9.910833333
1058,1059,0,0,1,5,1,20000,0,3,4.34354688,27256.0,737,7.8225
1059,1060,0,1,0,5,0,28000,0,2,4.58965589,41661.66667,751,6.199
1060,1061,0,1,0,4,0,38000,1,1,3.76339417,29309.33333,711,7.521666667
1061,1062,0,1,1,4,1,17000,1,1,4.88226702,41912.16667,632,5.567416667
1062,1063,1,1,0,3,0,17000,1,3,5.77682986,27335.5,766,8.079916667
1063,1064,0,0,0,3,1,24000,0,1,5.1950095,31577.33333,663,7.701083333
1064,1065,0,0,0,4,0,36000,1,1,4.72142055,22755.0,691,7.940833333
1065,1066,1,1,0,5,1,20000,0,3,5.19011599,32304.66667,721,7.193916667
1066,1067,1,1,1,4,1,20000,0,4,4.3,44555.83333,694,5.981666667
1067,1068,1,1,1,5,0,29000,0,4,3.4686843,14487.16667,746,8.983333333
1068,1069,1,0,0,5,1,34000,1,3,4.94922646,19439.0,616,8.024166667
1069,1070,0,1,1,3,1,38000,1,1,5.02379729,42063.16667,647,5.414833333
1070,1071,0,0,0,3,0,40000,1,1,4.70796553,36093.16667,782,6.358333333
1071,1072,0,0,0,2,0,16000,1,1,5.83158683,35583.16667,789,6.431666667
1072,1073,1,1,1,3,1,17000,0,4,2.96690257,16516.83333,786,8.589166667
1073,1074,0,0,0,4,0,36000,1,1,4.53300508,44425.83333,665,5.8425
1074,1075,1,1,0,4,1,19000,0,3,5.35522049,30100.5,689,7.96275
1075,1076,1,1,0,1,0,16000,1,2,4.29406689,44425.83333,687,5.8425
1076,1077,0,1,0,4,0,40000,1,3,3.41905047,12789.0,742,9.910833333
1077,1078,1,0,1,3,0,16000,0,3,4.82778981,41229.83333,760,5.91
1078,1079,1,1,0,3,1,28000,1,4,3.52061247,30573.16667,660,7.733416667
1079,1080,1,1,0,4,1,21000,0,4,5.4584248,32076.33333,758,6.318333333
1080,1081,1,1,0,4,0,24000,0,4,5.35396094,31577.33333,669,7.701083333
1081,1082,1,1,1,5,0,18000,0,3,4.28381716,42857.16667,763,5.604166667
1082,1083,0,1,0,3,1,20000,0,2,4.78107286,39064.0,778,5.945
1083,1084,0,1,1,4,1,27000,0,2,4.98532915,40216.83333,690,5.3995
1084,1085,1,1,1,4,1,40000,1,3,5.02379729,42063.16667,643,5.414833333
1085,1086,1,1,1,5,0,28000,1,4,4.94709939,36093.16667,640,6.358333333
1086,1087,1,1,0,5,0,15000,0,3,5.14091293,40243.16667,783,6.096666667
1087,1088,1,1,1,3,1,16000,1,4,3.66114181,20563.0,677,8.315833333
1088,1089,0,1,1,4,1,17000,1,2,3.44487597,24066.16667,754,7.715833333
1089,1090,0,1,0,3,0,35000,1,2,2.96690257,16516.83333,756,8.589166667
1090,1091,1,0,0,5,1,23000,0,3,4.94922646,19439.0,640,8.024166667
1091,1092,0,1,0,3,0,25000,0,2,3.58429637,13227.5,765,10.07416667
1092,1093,0,1,0,4,0,35000,1,2,2.96690257,16516.83333,655,8.589166667
1093,1094,0,0,0,3,0,35000,1,1,5.11135844,32304.66667,797,7.193916667
1094,1095,1,0,0,5,0,16000,1,4,4.94922646,19439.0,722,8.024166667
1095,1096,0,0,1,3,0,32000,0,3,4.15050313,42857.16667,686,5.604166667
1096,1097,0,0,0,4,1,21000,0,2,4.6,44100.16667,684,6.0575
1097,1098,0,0,1,3,0,17000,0,1,4.78069453,36109.5,791,6.61
1098,1099,0,1,0,5,0,23000,0,3,4.26439053,21536.0,768,8.66
1099,1100,1,1,0,4,1,19000,0,3,3.41905047,12789.0,626,9.910833333
1100,1101,0,0,0,3,0,29000,0,1,4.82778981,41229.83333,643,5.91
1101,1102,0,1,0,3,1,32000,0,4,4.92918489,41229.83333,709,5.91
1102,1103,1,1,1,4,0,35000,1,4,4.98532915,40216.83333,603,5.3995
1103,1104,0,1,0,3,0,27000,1,3,3.31364755,30373.83333,723,7.9825
1104,1105,0,0,0,5,1,31000,0,4,3.84357001,24066.16667,709,7.715833333
1105,1106,0,0,1,4,1,40000,1,2,5.11135844,32304.66667,691,7.193916667
1106,1107,0,0,0,4,1,15000,0,2,5.11135844,32304.66667,770,7.193916667
1107,1108,1,1,1,4,0,27000,0,1,4.94709939,36093.16667,716,6.358333333
1108,1109,1,0,0,5,0,30000,0,2,3.70537487,30373.83333,657,7.9825
1109,1110,1,0,0,4,1,34000,1,3,3.46916133,19520.66667,628,8.896666667
1110,1111,1,1,1,4,1,19000,0,2,3.4686843,14487.16667,753,8.983333333
1111,1112,1,1,1,3,1,40000,1,1,3.52061247,30573.16667,754,7.733416667
1112,1113,1,0,1,4,1,28000,0,3,3.65529884,18716.66667,716,8.200833333
1113,1114,0,1,1,3,0,28000,1,1,4.29406689,44425.83333,603,5.8425
1114,1115,0,1,1,5,0,32000,0,1,4.2,43587.5,759,6.165
1115,1116,1,1,1,3,0,20000,0,4,5.0356035,19439.0,760,8.024166667
1116,1117,1,1,0,4,1,20000,0,2,3.58429637,13227.5,667,10.07416667
1117,1118,0,1,0,4,0,25000,0,1,2.96690257,16516.83333,626,8.589166667
1118,1119,1,1,1,3,1,18000,0,4,3.46001951,18716.66667,755,8.200833333
1119,1120,1,1,1,5,1,22000,0,3,5.35522049,30100.5,644,7.96275
1120,1121,1,1,1,4,0,18000,0,4,3.96172167,26982.33333,612,8.568333333
1121,1122,1,1,1,3,0,24000,0,1,3.41905047,12789.0,736,9.910833333
1122,1123,0,0,1,4,1,31000,0,2,4.83260494,41912.16667,772,5.567416667
1123,1124,0,1,0,5,0,34000,1,4,4.94709939,36093.16667,792,6.358333333
1124,1125,0,1,1,3,1,19000,0,2,3.76339417,29309.33333,774,7.521666667
1125,1126,1,1,0,3,0,20000,0,3,4.98532915,40216.83333,622,5.3995
1126,1127,0,0,1,3,0,33000,1,4,4.8864339,40418.0,732,6.365083333
1127,1128,1,1,0,5,1,37000,1,3,3.41905047,12789.0,651,9.910833333
1128,1129,1,0,0,4,0,30000,1,1,4.38253338,26982.33333,683,8.568333333
1129,1130,0,1,0,4,1,35000,1,3,5.0356035,19439.0,720,8.024166667
1130,1131,0,1,0,5,1,16000,0,1,5.32080167,37332.5,757,7.508333333
1131,1132,0,1,1,5,1,19000,0,2,3.96172167,26982.33333,679,8.568333333
1132,1133,0,1,0,4,1,25000,0,2,3.58429637,13227.5,777,10.07416667
1133,1134,0,0,0,3,0,16000,0,3,3.84357001,24066.16667,745,7.715833333
1134,1135,0,1,0,5,0,25000,0,1,5.32080167,37332.5,735,7.508333333
1135,1136,1,1,1,3,1,18000,0,1,3.52061247,30573.16667,785,7.733416667
1136,1137,0,0,0,5,1,28000,0,2,4.6,44100.16667,675,6.0575
1137,1138,0,1,0,3,1,33000,1,1,4.88226702,41912.16667,717,5.567416667
1138,1139,1,0,1,4,1,35000,1,4,4.15050313,42857.16667,700,5.604166667
1139,1140,1,1,0,3,1,37000,1,2,4.6,44100.16667,751,6.0575
1140,1141,0,1,0,5,0,17000,1,4,4.28381716,42857.16667,695,5.604166667
1141,1142,0,1,1,3,1,21000,0,2,4.92918489,41229.83333,744,5.91
1142,1143,1,1,0,3,1,19000,0,2,4.29406689,44425.83333,689,5.8425
1143,1144,1,0,0,4,1,35000,1,2,5.03775575,30100.5,602,7.96275
1144,1145,0,1,1,3,1,19000,0,2,5.4584248,32076.33333,794,6.318333333
1145,1146,1,0,0,4,0,22000,0,1,4.54175572,20563.0,773,8.315833333
1146,1147,0,1,0,4,1,34000,1,2,5.32080167,37332.5,657,7.508333333
1147,1148,1,1,1,5,0,18000,1,3,5.35522049,30100.5,768,7.96275
1148,1149,0,0,0,3,0,21000,0,2,4.86656602,37332.5,717,7.508333333
1149,1150,0,0,0,4,0,18000,0,4,4.70796553,36093.16667,660,6.358333333
1150,1151,0,1,1,5,0,15000,0,1,5.35522049,30100.5,723,7.96275
1151,1152,1,1,0,4,1,22000,0,1,4.26439053,21536.0,656,8.66
1152,1153,0,0,1,3,0,39000,1,4,4.53300508,44425.83333,640,5.8425
1153,1154,0,1,1,3,0,16000,1,2,4.94709939,36093.16667,755,6.358333333
1154,1155,0,1,0,3,0,25000,0,4,5.24425019,36600.0,659,7.11
1155,1156,1,0,0,3,1,21000,0,1,3.65529884,18716.66667,670,8.200833333
1156,1157,1,0,0,4,0,36000,1,1,3.46916133,19520.66667,703,8.896666667
1157,1158,0,1,0,3,0,17000,0,4,5.05485168,37846.16667,725,6.19875
1158,1159,1,1,1,4,0,38000,1,1,4.90678778,44426.0,695,5.095083333
1159,1160,0,1,1,4,0,15000,1,2,3.96172167,26982.33333,788,8.568333333
1160,1161,0,0,1,5,1,40000,1,4,3.65529884,18716.66667,610,8.200833333
1161,1162,0,1,0,4,0,17000,0,1,4.2,43587.5,612,6.165
1162,1163,1,1,0,3,0,26000,0,1,2.96690257,16516.83333,693,8.589166667
1163,1164,1,1,1,3,0,19000,0,2,3.96172167,26982.33333,648,8.568333333
1164,1165,0,0,1,3,0,32000,0,4,5.74138196,32076.33333,775,6.318333333
1165,1166,0,1,0,4,0,17000,1,1,3.76339417,29309.33333,794,7.521666667
1166,1167,1,1,0,5,1,29000,0,4,4.78107286,39064.0,762,5.945
1167,1168,0,0,0,4,1,33000,1,3,4.15050313,42857.16667,722,5.604166667
1168,1169,1,1,0,5,0,16000,1,2,4.26439053,21536.0,705,8.66
1169,1170,0,0,1,4,1,39000,1,1,4.86656602,37332.5,621,7.508333333
1170,1171,0,1,0,5,1,34000,1,2,4.3,44555.83333,745,5.981666667
1171,1172,0,1,1,4,1,32000,0,1,3.52061247,30573.16667,697,7.733416667
1172,1173,1,0,0,3,0,15000,0,2,3.59050539,12789.0,746,9.910833333
1173,1174,1,1,0,3,0,16000,0,2,3.4686843,14487.16667,686,8.983333333
1174,1175,1,1,0,4,1,30000,1,2,5.35522049,30100.5,634,7.96275
1175,1176,0,1,0,4,0,34000,1,3,5.23935845,44437.16667,762,5.881666667
1176,1177,1,1,0,3,1,20000,0,3,2.96690257,16516.83333,768,8.589166667
1177,1178,1,1,1,5,1,20000,0,4,3.76339417,29309.33333,755,7.521666667
1178,1179,0,1,1,4,1,20000,0,2,5.05485168,37846.16667,787,6.19875
1179,1180,0,0,0,5,0,30000,0,2,3.65529884,18716.66667,672,8.200833333
1180,1181,1,1,1,5,1,17000,1,4,4.92918489,41229.83333,686,5.91
1181,1182,0,1,0,5,0,22000,0,1,5.32080167,37332.5,649,7.508333333
1182,1183,1,0,0,4,1,40000,1,3,3.38752413,16516.83333,643,8.589166667
1183,1184,0,1,1,5,0,20000,0,4,3.66114181,20563.0,752,8.315833333
1184,1185,0,0,1,3,1,31000,0,1,3.78502178,30804.0,785,8.431666667
1185,1186,1,1,1,5,0,36000,1,4,3.96172167,26982.33333,768,8.568333333
1186,1187,0,0,0,3,0,19000,0,4,4.53300508,44425.83333,649,5.8425
1187,1188,0,1,1,4,0,38000,1,4,5.34449117,22755.0,729,7.940833333
1188,1189,0,1,1,4,0,32000,0,4,4.28381716,42857.16667,785,5.604166667
1189,1190,0,0,0,4,0,34000,1,4,4.6,44100.16667,749,6.0575
1190,1191,1,0,1,4,1,37000,1,3,5.03775575,30100.5,686,7.96275
1191,1192,1,1,1,3,1,15000,1,4,4.2,43587.5,638,6.165
1192,1193,0,1,0,4,1,16000,0,3,5.35396094,31577.33333,683,7.701083333
1193,1194,1,0,0,4,1,34000,1,2,4.04175506,21536.0,699,8.66
1194,1195,0,1,1,3,0,35000,1,2,3.44487597,24066.16667,791,7.715833333
1195,1196,0,1,1,3,1,20000,0,2,4.26439053,21536.0,682,8.66
1196,1197,1,0,0,5,1,22000,0,4,6.74115103,27335.5,711,8.079916667
1197,1198,0,0,0,5,1,38000,1,1,5.74138196,32076.33333,750,6.318333333
1198,1199,0,1,0,4,1,26000,0,1,4.98532915,40216.83333,647,5.3995
1199,1200,1,1,0,4,0,27000,0,1,5.77682986,27335.5,681,8.079916667
1200,1201,1,1,0,3,0,16000,1,4,4.2,43587.5,620,6.165
1201,1202,0,0,1,5,1,18000,0,2,4.8864339,40418.0,792,6.365083333
1202,1203,0,0,0,5,1,19000,0,4,4.54175572,20563.0,795,8.315833333
1203,1204,1,0,1,3,0,25000,0,4,4.94922646,19439.0,749,8.024166667
1204,1205,0,0,0,5,1,35000,1,2,6.74115103,27335.5,705,8.079916667
1205,1206,0,0,1,4,0,20000,0,1,3.84357001,24066.16667,704,7.715833333
1206,1207,1,1,0,3,1,22000,0,4,4.78107286,39064.0,779,5.945
1207,1208,0,0,0,3,1,37000,1,3,4.86656602,37332.5,783,7.508333333
1208,1209,0,0,0,5,1,23000,0,2,4.54175572,20563.0,686,8.315833333
1209,1210,0,1,1,4,0,26000,1,4,5.32080167,37332.5,660,7.508333333
1210,1211,0,0,0,4,0,39000,1,2,5.03775575,30100.5,719,7.96275
1211,1212,0,1,1,3,1,16000,0,4,3.14890585,30115.33333,670,7.608333333
1212,1213,0,1,1,4,1,25000,0,1,5.59830462,36109.5,632,6.61
1213,1214,1,1,1,4,1,27000,0,3,5.32080167,37332.5,602,7.508333333
1214,1215,1,0,0,1,1,15000,0,4,5.1950095,31577.33333,687,7.701083333
1215,1216,1,1,0,4,0,15000,0,2,4.94709939,36093.16667,728,6.358333333
1216,1217,1,1,0,5,1,17000,1,1,3.76339417,29309.33333,747,7.521666667
1217,1218,1,1,1,3,0,16000,1,2,4.6,44100.16667,759,6.0575
1218,1219,1,1,1,3,1,20000,0,3,4.3,44555.83333,606,5.981666667
1219,1220,1,1,1,5,1,38000,1,3,3.46001951,18716.66667,755,8.200833333
1220,1221,0,1,0,3,0,20000,0,1,4.2,43587.5,800,6.165
1221,1222,1,1,1,4,1,24000,0,3,3.14890585,30115.33333,600,7.608333333
1222,1223,1,1,1,4,1,18000,0,4,4.92918489,41229.83333,687,5.91
1223,1224,0,1,0,4,0,23000,0,1,4.29406689,44425.83333,781,5.8425
1224,1225,0,1,0,4,1,30000,1,3,5.24425019,36600.0,782,7.11
1225,1226,0,0,0,4,1,35000,1,4,3.70537487,30373.83333,704,7.9825
1226,1227,0,1,1,4,0,31000,0,1,5.23935845,44437.16667,733,5.881666667
1227,1228,1,1,0,3,0,38000,1,1,3.46001951,18716.66667,617,8.200833333
1228,1229,1,1,0,4,1,39000,1,3,5.24425019,36600.0,701,7.11
1229,1230,0,1,1,5,0,18000,0,3,5.0356035,19439.0,692,8.024166667
1230,1231,0,1,1,3,1,19000,0,1,3.44487597,24066.16667,615,7.715833333
1231,1232,0,0,0,5,1,20000,0,1,4.84510369,39064.0,699,5.945
1232,1233,0,1,1,3,0,29000,1,3,4.29406689,44425.83333,658,5.8425
1233,1234,0,1,0,3,0,35000,1,2,3.76339417,29309.33333,707,7.521666667
1234,1235,1,1,1,5,1,21000,0,4,4.98532915,40216.83333,658,5.3995
1235,1236,1,1,1,5,1,29000,1,4,3.96172167,26982.33333,781,8.568333333
1236,1237,0,1,0,5,1,34000,1,1,5.24425019,36600.0,614,7.11
1237,1238,1,1,0,3,1,19000,0,2,5.0356035,19439.0,763,8.024166667
1238,1239,1,0,0,3,0,31000,0,3,6.74115103,27335.5,767,8.079916667
1239,1240,1,1,1,5,0,17000,0,4,5.36220735,35583.16667,638,6.431666667
1240,1241,0,1,1,4,0,24000,0,1,3.58429637,13227.5,714,10.07416667
1241,1242,0,0,1,3,0,24000,0,3,4.34354688,27256.0,613,7.8225
1242,1243,1,0,1,4,1,23000,0,3,3.65529884,18716.66667,725,8.200833333
1243,1244,0,1,1,3,1,16000,1,4,5.19011599,32304.66667,629,7.193916667
1244,1245,1,1,0,5,0,25000,1,2,3.22742853,30804.0,790,8.431666667
1245,1246,0,1,0,5,1,30000,0,3,3.44487597,24066.16667,646,7.715833333
1246,1247,1,0,0,4,0,15000,0,3,4.2,43587.5,603,6.165
1247,1248,1,1,0,3,0,21000,0,3,3.66114181,20563.0,704,8.315833333
1248,1249,0,1,1,3,0,22000,0,2,4.75727494,40418.0,601,6.365083333
1249,1250,0,1,0,5,0,34000,1,4,4.58965589,41661.66667,652,6.199
1250,1251,0,1,1,5,0,37000,1,2,3.22742853,30804.0,613,8.431666667
1251,1252,0,1,0,3,0,24000,0,4,4.92918489,41229.83333,700,5.91
1252,1253,0,1,1,5,1,28000,0,3,5.14091293,40243.16667,665,6.096666667
1253,1254,0,1,0,5,1,31000,0,4,4.78107286,39064.0,601,5.945
1254,1255,0,0,1,4,0,35000,1,2,5.30387327,40216.83333,684,5.3995
1255,1256,1,1,1,5,0,16000,1,4,3.46001951,18716.66667,777,8.200833333
1256,1257,1,1,1,3,0,31000,0,3,4.29406689,44425.83333,732,5.8425
1257,1258,1,1,1,5,0,20000,0,3,4.88226702,41912.16667,631,5.567416667
1258,1259,1,1,0,4,0,34000,1,4,4.92918489,41229.83333,737,5.91
1259,1260,0,0,1,4,0,16000,0,4,4.86656602,37332.5,758,7.508333333
1260,1261,1,0,1,5,1,17000,0,3,4.06666964,29309.33333,625,7.521666667
1261,1262,1,1,0,3,0,24000,0,1,4.29406689,44425.83333,789,5.8425
1262,1263,1,1,0,5,1,16000,1,1,5.0356035,19439.0,744,8.024166667
1263,1264,1,1,0,4,1,17000,1,1,4.6,44100.16667,795,6.0575
1264,1265,1,1,0,5,1,20000,0,3,3.44487597,24066.16667,675,7.715833333
1265,1266,0,0,1,4,0,35000,1,2,6.74115103,27335.5,673,8.079916667
1266,1267,1,1,1,5,1,15000,0,1,3.41905047,12789.0,641,9.910833333
1267,1268,0,0,0,5,1,34000,1,2,4.3801824,30573.16667,798,7.733416667
1268,1269,0,1,0,5,0,25000,0,2,3.14890585,30115.33333,700,7.608333333
1269,1270,0,0,0,4,1,22000,0,4,5.30387327,40216.83333,792,5.3995
1270,1271,0,1,1,3,0,28000,0,3,4.92918489,41229.83333,782,5.91
1271,1272,0,1,1,5,1,40000,1,4,5.36220735,35583.16667,791,6.431666667
1272,1273,1,1,1,5,1,16000,0,2,5.35396094,31577.33333,787,7.701083333
1273,1274,0,1,1,4,1,15000,0,3,4.58965589,41661.66667,605,6.199
1274,1275,0,1,1,5,0,16000,1,4,3.41905047,12789.0,761,9.910833333
1275,1276,1,1,1,4,1,27000,0,2,3.22742853,30804.0,694,8.431666667
1276,1277,1,1,0,4,0,20000,0,2,5.23935845,44437.16667,799,5.881666667
1277,1278,1,1,1,4,1,18000,0,2,3.4686843,14487.16667,800,8.983333333
1278,1279,1,0,1,3,1,34000,1,1,4.34354688,27256.0,650,7.8225
1279,1280,1,0,0,3,1,23000,0,4,4.54175572,20563.0,742,8.315833333
1280,1281,1,1,0,4,0,15000,0,3,5.32080167,37332.5,752,7.508333333
1281,1282,1,1,0,4,1,16000,0,2,5.24425019,36600.0,757,7.11
1282,1283,0,0,0,5,0,19000,0,1,4.54175572,20563.0,633,8.315833333
1283,1284,1,1,0,5,1,36000,1,4,5.77682986,27335.5,722,8.079916667
1284,1285,0,1,1,3,0,17000,1,1,5.36220735,35583.16667,617,6.431666667
1285,1286,1,1,0,4,0,21000,0,4,4.78107286,39064.0,632,5.945
1286,1287,1,1,0,4,0,39000,1,3,4.78107286,39064.0,758,5.945
1287,1288,0,1,1,3,1,26000,1,2,4.92918489,41229.83333,729,5.91
1288,1289,1,0,0,5,1,31000,0,4,4.3,44555.83333,634,5.981666667
1289,1290,0,1,0,5,1,33000,0,4,3.52061247,30573.16667,765,7.733416667
1290,1291,1,1,1,3,0,40000,1,4,4.6,44100.16667,689,6.0575
1291,1292,1,1,0,5,1,26000,0,2,5.34449117,22755.0,620,7.940833333
1292,1293,1,0,0,4,0,31000,0,2,4.53300508,44425.83333,656,5.8425
1293,1294,1,0,0,4,0,15000,0,3,4.68199486,37846.16667,609,6.19875
1294,1295,0,1,1,4,1,39000,1,2,5.77682986,27335.5,610,8.079916667
1295,1296,0,1,1,5,1,40000,1,3,4.3,44555.83333,797,5.981666667
1296,1297,0,0,1,4,0,18000,0,1,4.2,43587.5,779,6.165
1297,1298,0,1,0,4,0,20000,0,4,3.96172167,26982.33333,739,8.568333333
1298,1299,0,1,0,3,1,31000,0,3,5.4584248,32076.33333,728,6.318333333
1299,1300,1,0,0,5,1,35000,1,1,4.32400469,14487.16667,722,8.983333333
1300,1301,0,1,0,4,0,15000,0,4,4.94709939,36093.16667,628,6.358333333
1301,1302,0,1,0,5,1,20000,0,4,5.02379729,42063.16667,699,5.414833333
1302,1303,0,1,0,5,1,16000,0,3,5.36220735,35583.16667,709,6.431666667
1303,1304,0,1,1,5,1,16000,0,2,4.78107286,39064.0,759,5.945
1304,1305,1,1,0,3,1,34000,1,3,5.0356035,19439.0,628,8.024166667
1305,1306,0,0,1,4,0,17000,1,2,4.34354688,27256.0,741,7.8225
1306,1307,0,1,1,4,0,18000,0,4,5.24425019,36600.0,695,7.11
1307,1308,1,1,1,4,0,26000,0,4,4.90678778,44426.0,771,5.095083333
1308,1309,1,0,1,3,0,38000,1,2,4.68199486,37846.16667,782,6.19875
1309,1310,0,1,0,4,1,18000,0,2,4.29406689,44425.83333,632,5.8425
1310,1311,1,1,0,4,0,30000,0,1,2.96690257,16516.83333,646,8.589166667
1311,1312,0,1,0,5,1,35000,1,2,4.2,43587.5,672,6.165
1312,1313,0,1,0,5,1,26000,0,2,3.46001951,18716.66667,742,8.200833333
1313,1314,0,1,0,4,1,26000,0,1,5.23935845,44437.16667,714,5.881666667
1314,1315,0,0,0,4,1,18000,0,2,3.59050539,12789.0,607,9.910833333
1315,1316,1,0,0,3,1,34000,1,1,4.78069453,36109.5,716,6.61
1316,1317,0,1,1,4,1,36000,1,2,4.90678778,44426.0,701,5.095083333
1317,1318,0,0,1,5,1,16000,1,4,5.83158683,35583.16667,768,6.431666667
1318,1319,0,0,1,4,1,23000,0,3,6.74115103,27335.5,737,8.079916667
1319,1320,1,0,1,5,0,30000,1,3,3.70537487,30373.83333,650,7.9825
1320,1321,1,1,1,4,1,18000,0,1,3.71008358,27256.0,622,7.8225
1321,1322,0,0,1,4,0,34000,1,2,5.30387327,40216.83333,679,5.3995
1322,1323,0,0,1,3,0,30000,0,4,4.86656602,37332.5,767,7.508333333
1323,1324,0,1,0,4,0,20000,0,2,5.19011599,32304.66667,800,7.193916667
1324,1325,0,1,0,5,1,26000,1,4,4.90678778,44426.0,666,5.095083333
1325,1326,1,1,0,3,1,30000,1,2,5.4584248,32076.33333,743,6.318333333
1326,1327,0,1,0,3,1,38000,1,3,4.92918489,41229.83333,739,5.91
1327,1328,0,1,0,4,0,15000,1,4,3.4686843,14487.16667,734,8.983333333
1328,1329,0,1,1,4,1,18000,0,3,4.75727494,40418.0,627,6.365083333
1329,1330,0,1,1,5,1,34000,1,2,5.23935845,44437.16667,628,5.881666667
1330,1331,1,1,0,3,1,39000,1,4,3.66114181,20563.0,745,8.315833333
1331,1332,0,1,0,5,0,18000,0,4,3.58429637,13227.5,693,10.07416667
1332,1333,1,0,0,3,1,27000,1,3,3.59050539,12789.0,667,9.910833333
1333,1334,1,1,1,3,0,17000,0,2,4.3,44555.83333,632,5.981666667
1334,1335,1,0,0,3,0,25000,1,2,4.04175506,21536.0,710,8.66
1335,1336,0,0,1,2,1,20000,0,4,4.69723033,41661.66667,638,6.199
1336,1337,1,0,0,4,0,24000,0,3,5.11135844,32304.66667,733,7.193916667
1337,1338,0,0,1,5,1,19000,0,2,4.94922646,19439.0,602,8.024166667
1338,1339,0,0,0,5,1,16000,0,1,4.15050313,42857.16667,752,5.604166667
1339,1340,1,0,1,3,1,17000,1,4,5.25041296,44437.16667,652,5.881666667
1340,1341,1,0,0,5,1,31000,0,2,4.94922646,19439.0,653,8.024166667
1341,1342,0,0,0,5,0,30000,1,2,5.03775575,30100.5,765,7.96275
1342,1343,1,1,1,5,1,20000,0,1,5.23935845,44437.16667,765,5.881666667
1343,1344,0,0,1,5,1,20000,0,2,4.84510369,39064.0,638,5.945
1344,1345,0,1,1,4,1,20000,0,4,3.76339417,29309.33333,756,7.521666667
1345,1346,1,1,0,3,1,27000,1,1,4.92918489,41229.83333,743,5.91
1346,1347,0,0,1,3,0,18000,0,1,5.83158683,35583.16667,785,6.431666667
1347,1348,1,0,0,5,0,23000,0,1,3.84357001,24066.16667,765,7.715833333
1348,1349,1,1,1,5,0,32000,0,4,3.46001951,18716.66667,680,8.200833333
1349,1350,0,0,1,3,0,17000,0,4,3.70537487,30373.83333,687,7.9825
1350,1351,1,1,1,4,1,16000,1,3,2.96690257,16516.83333,783,8.589166667
1351,1352,1,1,1,5,0,17000,1,1,5.23935845,44437.16667,693,5.881666667
1352,1353,1,1,1,3,0,20000,0,3,4.92918489,41229.83333,731,5.91
1353,1354,1,0,0,3,1,15000,0,4,4.3,44555.83333,670,5.981666667
1354,1355,0,1,0,5,0,24000,0,1,3.4686843,14487.16667,662,8.983333333
1355,1356,1,1,1,5,1,16000,0,2,5.0356035,19439.0,670,8.024166667
1356,1357,1,1,1,3,0,20000,0,2,5.77682986,27335.5,792,8.079916667
1357,1358,0,0,0,4,1,28000,0,4,4.87568406,44426.0,742,5.095083333
1358,1359,1,1,1,4,1,40000,1,1,3.58429637,13227.5,767,10.07416667
1359,1360,1,1,0,3,0,18000,1,4,5.35396094,31577.33333,699,7.701083333
1360,1361,0,0,0,3,1,27000,0,1,4.04175506,21536.0,712,8.66
1361,1362,1,1,0,3,1,34000,1,4,4.29406689,44425.83333,729,5.8425
1362,1363,1,1,0,5,0,15000,1,4,4.29406689,44425.83333,602,5.8425
1363,1364,1,0,0,4,0,20000,0,1,4.38253338,26982.33333,723,8.568333333
1364,1365,0,1,0,5,1,32000,0,2,5.24425019,36600.0,643,7.11
1365,1366,1,0,0,5,1,16000,1,4,5.30387327,40216.83333,621,5.3995
1366,1367,1,1,0,5,1,17000,1,3,5.34449117,22755.0,721,7.940833333
1367,1368,0,1,0,1,1,18000,0,4,5.34449117,22755.0,601,7.940833333
1368,1369,0,0,1,5,1,16000,0,2,4.31879538,13227.5,756,10.07416667
1369,1370,1,0,0,3,1,20000,0,1,4.32400469,14487.16667,686,8.983333333
1370,1371,0,1,0,4,1,24000,0,3,5.32080167,37332.5,670,7.508333333
1371,1372,0,1,0,5,0,36000,1,3,3.58429637,13227.5,686,10.07416667
1372,1373,0,1,0,2,1,19000,0,2,4.2,43587.5,684,6.165
1373,1374,1,1,0,4,1,22000,0,2,4.2,43587.5,688,6.165
1374,1375,1,1,1,5,1,38000,1,4,4.2,43587.5,776,6.165
1375,1376,0,1,1,4,1,24000,0,2,5.02379729,42063.16667,688,5.414833333
1376,1377,1,0,0,5,1,23000,0,3,5.22030741,36600.0,621,7.11
1377,1378,1,1,0,3,1,20000,0,2,5.24425019,36600.0,773,7.11
1378,1379,1,1,0,5,1,26000,0,3,3.14890585,30115.33333,600,7.608333333
1379,1380,1,1,0,5,1,36000,1,4,5.35396094,31577.33333,754,7.701083333
1380,1381,0,0,0,3,0,37000,1,1,3.63669268,30115.33333,732,7.608333333
1381,1382,0,0,1,3,1,15000,0,4,4.69723033,41661.66667,773,6.199
1382,1383,0,1,0,4,1,38000,1,1,3.31364755,30373.83333,777,7.9825
1383,1384,0,1,1,3,0,18000,1,2,5.36220735,35583.16667,620,6.431666667
1384,1385,0,0,0,3,1,27000,0,4,4.70796553,36093.16667,682,6.358333333
1385,1386,1,1,0,4,1,36000,1,3,3.96172167,26982.33333,627,8.568333333
1386,1387,1,0,0,5,0,23000,0,2,4.98618179,42063.16667,711,5.414833333
1387,1388,1,1,0,3,1,18000,0,4,3.52061247,30573.16667,683,7.733416667
1388,1389,0,1,0,4,1,15000,0,3,4.26439053,21536.0,642,8.66
1389,1390,0,0,0,4,0,23000,0,2,3.38752413,16516.83333,607,8.589166667
1390,1391,0,0,0,5,1,17000,1,2,3.65529884,18716.66667,772,8.200833333
1391,1392,1,1,1,3,1,22000,0,4,4.90678778,44426.0,739,5.095083333
1392,1393,1,1,0,3,1,33000,0,4,3.22742853,30804.0,726,8.431666667
1393,1394,0,0,0,3,1,33000,1,2,5.22030741,36600.0,707,7.11
1394,1395,1,1,1,4,1,16000,0,3,5.35396094,31577.33333,760,7.701083333
1395,1396,0,1,0,5,1,16000,0,2,3.22742853,30804.0,685,8.431666667
1396,1397,1,0,0,3,1,22000,0,3,4.84510369,39064.0,676,5.945
1397,1398,0,1,1,3,1,17000,1,4,3.66114181,20563.0,621,8.315833333
1398,1399,1,0,0,3,1,25000,0,4,4.3,44555.83333,605,5.981666667
1399,1400,1,0,0,4,1,29000,1,2,4.32400469,14487.16667,772,8.983333333
1400,1401,0,1,1,3,0,17000,1,3,3.71008358,27256.0,669,7.8225
1401,1402,0,0,0,5,0,18000,0,4,4.32400469,14487.16667,748,8.983333333
1402,1403,1,1,0,5,1,36000,1,3,4.2,43587.5,615,6.165
1403,1404,0,1,0,2,0,17000,0,1,3.44487597,24066.16667,760,7.715833333
1404,1405,0,0,1,4,1,20000,0,2,4.38253338,26982.33333,736,8.568333333
1405,1406,0,1,0,4,1,27000,1,3,2.93965649,19520.66667,634,8.896666667
1406,1407,1,1,0,3,0,38000,1,2,4.2,43587.5,750,6.165
1407,1408,0,0,1,5,1,37000,1,4,4.94922646,19439.0,615,8.024166667
1408,1409,1,0,1,5,0,19000,0,4,3.70537487,30373.83333,701,7.9825
1409,1410,0,1,1,3,1,23000,0,1,2.93965649,19520.66667,706,8.896666667
1410,1411,1,0,1,4,0,16000,1,1,4.82778981,41229.83333,782,5.91
1411,1412,0,1,1,4,0,15000,0,2,5.02379729,42063.16667,737,5.414833333
1412,1413,1,1,0,5,1,30000,1,1,5.23935845,44437.16667,737,5.881666667
1413,1414,0,1,0,5,0,37000,1,1,5.23935845,44437.16667,751,5.881666667
1414,1415,1,1,0,3,0,18000,0,1,4.94709939,36093.16667,608,6.358333333
1415,1416,0,0,0,4,1,19000,0,3,4.3801824,30573.16667,771,7.733416667
1416,1417,0,0,0,3,1,20000,0,2,4.78069453,36109.5,727,6.61
1417,1418,0,0,0,4,0,29000,1,1,4.87568406,44426.0,667,5.095083333
1418,1419,1,0,1,3,1,22000,0,2,4.72142055,22755.0,667,7.940833333
1419,1420,1,1,0,5,0,35000,1,1,4.75727494,40418.0,691,6.365083333
1420,1421,1,1,0,5,0,37000,1,2,5.19011599,32304.66667,641,7.193916667
1421,1422,0,0,0,4,0,32000,0,2,3.70537487,30373.83333,615,7.9825
1422,1423,0,0,0,3,0,34000,1,4,4.3801824,30573.16667,782,7.733416667
1423,1424,0,0,0,4,1,16000,0,3,6.74115103,27335.5,641,8.079916667
1424,1425,1,1,1,4,1,38000,1,3,4.90678778,44426.0,681,5.095083333
1425,1426,0,1,1,3,1,23000,0,1,3.22742853,30804.0,612,8.431666667
1426,1427,1,0,0,3,1,17000,0,1,4.2,43587.5,736,6.165
1427,1428,1,0,0,4,0,29000,1,4,3.38752413,16516.83333,693,8.589166667
1428,1429,1,1,1,5,1,28000,1,3,5.24425019,36600.0,730,7.11
1429,1430,0,1,1,4,0,35000,1,4,3.22742853,30804.0,656,8.431666667
1430,1431,0,0,1,3,0,28000,1,1,4.72142055,22755.0,672,7.940833333
1431,1432,0,1,0,3,1,29000,1,1,5.35522049,30100.5,655,7.96275
1432,1433,0,1,0,5,0,35000,1,4,3.14890585,30115.33333,618,7.608333333
1433,1434,1,0,0,3,1,33000,1,1,3.38752413,16516.83333,607,8.589166667
1434,1435,1,1,0,5,0,17000,0,3,4.94709939,36093.16667,631,6.358333333
1435,1436,1,0,1,4,0,18000,0,4,4.78069453,36109.5,625,6.61
1436,1437,0,1,0,5,0,22000,0,2,3.76339417,29309.33333,678,7.521666667
1437,1438,0,0,0,4,1,34000,1,4,5.83158683,35583.16667,751,6.431666667
1438,1439,1,0,0,5,0,18000,0,4,4.3801824,30573.16667,769,7.733416667
1439,1440,1,1,1,3,0,15000,0,4,3.14890585,30115.33333,778,7.608333333
1440,1441,1,0,0,3,0,24000,0,3,4.82778981,41229.83333,674,5.91
1441,1442,1,1,0,5,1,15000,0,2,5.36220735,35583.16667,760,6.431666667
1442,1443,0,1,1,3,1,17000,0,4,4.98532915,40216.83333,671,5.3995
1443,1444,0,1,0,5,0,28000,1,3,4.88226702,41912.16667,621,5.567416667
1444,1445,1,1,0,4,1,27000,0,2,5.35522049,30100.5,744,7.96275
1445,1446,1,1,0,4,0,36000,1,4,4.92918489,41229.83333,711,5.91
1446,1447,0,1,1,5,0,15000,0,4,3.71008358,27256.0,638,7.8225
1447,1448,1,1,0,5,0,23000,0,4,4.90678778,44426.0,628,5.095083333
1448,1449,1,1,0,3,1,24000,0,4,5.36220735,35583.16667,731,6.431666667
1449,1450,1,0,0,5,0,28000,1,2,5.11135844,32304.66667,767,7.193916667
1450,1451,1,0,0,3,0,40000,1,2,4.86656602,37332.5,754,7.508333333
1451,1452,0,0,0,5,1,20000,0,3,4.84510369,39064.0,692,5.945
1452,1453,0,1,1,5,1,17000,0,4,4.88226702,41912.16667,786,5.567416667
1453,1454,1,0,1,5,1,17000,0,4,4.34354688,27256.0,695,7.8225
1454,1455,1,1,0,4,0,20000,0,3,4.98532915,40216.83333,661,5.3995
1455,1456,1,1,0,5,1,19000,0,1,5.77682986,27335.5,717,8.079916667
1456,1457,0,1,1,3,0,17000,0,1,3.41905047,12789.0,632,9.910833333
1457,1458,1,0,0,5,0,20000,0,3,5.25041296,44437.16667,619,5.881666667
1458,1459,0,1,1,3,1,32000,0,2,3.76339417,29309.33333,707,7.521666667
1459,1460,0,0,0,5,1,38000,1,2,4.86656602,37332.5,661,7.508333333
1460,1461,1,1,0,3,1,15000,0,4,5.05485168,37846.16667,640,6.19875
1461,1462,1,0,1,3,1,19000,0,4,3.38752413,16516.83333,703,8.589166667
1462,1463,1,0,0,4,0,21000,0,1,4.94922646,19439.0,757,8.024166667
1463,1464,0,1,0,5,0,25000,0,3,3.44487597,24066.16667,768,7.715833333
1464,1465,0,1,1,3,0,35000,1,2,4.75727494,40418.0,705,6.365083333
1465,1466,0,1,0,4,1,15000,1,1,5.34449117,22755.0,713,7.940833333
1466,1467,0,1,1,3,0,21000,0,4,5.0356035,19439.0,637,8.024166667
1467,1468,0,1,0,3,1,31000,0,2,5.0356035,19439.0,689,8.024166667
1468,1469,0,0,0,5,0,34000,1,2,5.83158683,35583.16667,617,6.431666667
1469,1470,1,0,0,5,1,40000,1,3,5.30387327,40216.83333,684,5.3995
1470,1471,1,0,1,4,0,18000,0,3,5.11135844,32304.66667,776,7.193916667
1471,1472,0,1,1,5,1,20000,0,3,3.4686843,14487.16667,768,8.983333333
1472,1473,1,1,0,4,1,33000,1,1,3.31364755,30373.83333,727,7.9825
1473,1474,0,0,0,5,1,35000,1,2,4.6,44100.16667,761,6.0575
1474,1475,0,1,0,5,1,15000,0,1,5.19011599,32304.66667,651,7.193916667
1475,1476,0,1,1,3,1,17000,1,3,3.41905047,12789.0,719,9.910833333
1476,1477,0,1,0,4,0,24000,0,1,3.66114181,20563.0,616,8.315833333
1477,1478,0,0,0,4,1,20000,0,1,3.63669268,30115.33333,755,7.608333333
1478,1479,1,1,1,4,1,15000,0,2,4.3,44555.83333,607,5.981666667
1479,1480,1,1,1,3,0,32000,0,4,3.76339417,29309.33333,786,7.521666667
1480,1481,1,0,1,5,0,24000,0,1,4.38253338,26982.33333,675,8.568333333
1481,1482,0,1,0,3,1,18000,0,4,5.59830462,36109.5,775,6.61
1482,1483,1,0,0,3,1,38000,1,2,4.6,44100.16667,654,6.0575
1483,1484,0,0,0,3,1,20000,0,2,6.74115103,27335.5,603,8.079916667
1484,1485,1,0,1,4,1,27000,0,1,5.39200968,40243.16667,652,6.096666667
1485,1486,1,0,0,5,1,37000,1,1,4.84510369,39064.0,771,5.945
1486,1487,0,1,1,3,1,16000,1,4,4.78107286,39064.0,600,5.945
1487,1488,1,1,1,3,0,17000,0,4,5.19011599,32304.66667,726,7.193916667
1488,1489,1,1,0,3,1,20000,0,2,3.22742853,30804.0,732,8.431666667
1489,1490,1,0,0,3,1,33000,0,4,4.32400469,14487.16667,637,8.983333333
1490,1491,1,1,0,4,1,20000,0,4,5.34449117,22755.0,708,7.940833333
1491,1492,0,1,0,3,0,39000,1,1,3.52061247,30573.16667,628,7.733416667
1492,1493,0,1,1,4,0,20000,0,4,5.4584248,32076.33333,609,6.318333333
1493,1494,0,0,0,5,1,23000,0,1,3.59050539,12789.0,771,9.910833333
1494,1495,0,0,1,3,1,26000,0,3,3.59050539,12789.0,677,9.910833333
1495,1496,1,0,0,5,1,26000,0,2,5.11135844,32304.66667,604,7.193916667
1496,1497,0,1,0,3,0,32000,0,4,4.92918489,41229.83333,753,5.91
1497,1498,1,1,1,4,1,17000,0,2,5.05485168,37846.16667,631,6.19875
1498,1499,0,0,0,5,0,26000,0,2,4.82778981,41229.83333,613,5.91
1499,1500,0,0,1,3,1,33000,1,1,5.1950095,31577.33333,649,7.701083333
